annotation_id,video_id,split,category,label,start_frame,end_frame,start_time_sec,end_time_sec,duration_sec,wrist,product_track_id,related_track_ids,returned
ANN_000001,21_1,validation,product_interaction,pickup,464,479,15.467,15.967,0.533,right,L5_Product_2of4,,
ANN_000002,21_1,validation,product_interaction,product_held,480,540,16.000,18.000,2.033,right,L5_Product_2of4,,true
ANN_000003,21_1,validation,product_interaction,pickup,615,692,20.500,23.067,2.600,right,L5_Product_1of4,,
ANN_000004,21_1,validation,product_interaction,product_held,693,918,23.100,30.600,7.533,right,L5_Product_1of4,,true
ANN_000005,21_1,validation,product_interaction,pickup,962,965,32.067,32.167,0.133,right,L7_Product_1of4,,
ANN_000006,21_1,validation,product_interaction,product_held,966,1870,32.200,62.333,30.167,right,L7_Product_1of4,,false
ANN_000007,21_1,validation,product_interaction,pickup,1032,1037,34.400,34.567,0.200,right,L7_Product_3of4,,
ANN_000008,21_1,validation,product_interaction,product_held,1038,1870,34.600,62.333,27.767,right,L7_Product_3of4,,false
ANN_000009,21_1,validation,product_interaction,pickup,1719,1727,57.300,57.567,0.300,right,R4_Product_2of4,,
ANN_000010,21_1,validation,product_interaction,product_held,1728,1870,57.600,62.333,4.767,right,R4_Product_2of4,,false
ANN_000011,21_1,validation,product_interaction,product_held,2382,4083,79.400,136.100,56.733,left,R4_Product_2of4,,false
ANN_000012,21_1,validation,product_interaction,pickup,2362,2381,78.733,79.367,0.667,left,R4_Product_2of4,,
ANN_000013,21_1,validation,product_interaction,pickup,2820,2840,94.000,94.667,0.700,left,R4_Product_3of4,,
ANN_000014,21_1,validation,product_interaction,product_held,2841,4083,94.700,136.100,41.433,left,R4_Product_3of4,,false
ANN_000015,21_1,validation,product_interaction,comparison,2849,2913,94.967,97.100,2.167,both,R4_Product_2of4,R4_Product_3of4,
ANN_000016,21_1,validation,product_interaction,pickup,3115,3154,103.833,105.133,1.333,right,R4_Product_1of4,,
ANN_000017,21_1,validation,product_interaction,product_held,3155,4083,105.167,136.100,30.967,right,R4_Product_1of4,,false
ANN_000018,21_1,validation,product_interaction,pickup,3553,3571,118.433,119.033,0.633,right,R4_Product_4of4,,
ANN_000019,21_1,validation,product_interaction,product_held,3572,4083,119.067,136.100,17.067,right,R4_Product_4of4,,false
ANN_000020,21_1,validation,product_interaction,pickup,3885,3900,129.500,130.000,0.533,right,R4_Product_3of4,,
ANN_000021,21_1,validation,product_interaction,product_held,3901,3976,130.033,132.533,2.533,right,R4_Product_3of4,,true
ANN_000022,21_2,validation,product_interaction,pickup,277,300,9.233,10.000,0.800,right,L3_Product_4of4,,
ANN_000023,21_2,validation,product_interaction,product_held,301,374,10.033,12.467,2.467,right,L3_Product_4of4,,true
ANN_000024,21_2,validation,product_interaction,pickup,542,552,18.067,18.400,0.367,right,L4_Product_3of4,,
ANN_000025,21_2,validation,product_interaction,product_held,553,1998,18.433,66.600,48.200,right,L3_Product_3of4,,false
ANN_000026,21_2,validation,product_interaction,pickup,916,929,30.533,30.967,0.467,left,R4_Product_1of4,,
ANN_000027,21_2,validation,product_interaction,product_held,930,1998,31.000,66.600,35.633,left,R4_Product_1of4,,false
ANN_000028,21_2,validation,product_interaction,pickup,1172,1198,39.067,39.933,0.900,left,R2_Product_3of3,,true
ANN_000029,21_2,validation,product_interaction,pickup,1335,1358,44.500,45.267,0.800,left,R4_Product_3of4,,
ANN_000030,21_2,validation,product_interaction,product_held,1359,1998,45.300,66.600,21.333,left,R4_Product_3of4,,false
ANN_000031,21_2,validation,product_interaction,pickup,2226,2250,74.200,75.000,0.833,right,L7_Product_4of4,,
ANN_000032,21_2,validation,product_interaction,product_held,2251,2301,75.033,76.700,1.700,right,L7_Product_4of4,,true
ANN_000033,21_2,validation,product_interaction,pickup,2319,2330,77.300,77.667,0.400,right,L7_Product_3of4,,
ANN_000034,21_2,validation,product_interaction,return,2279,2301,75.967,76.700,0.767,right,L7_Product_4of4,,true
ANN_000035,21_2,validation,product_interaction,return,351,374,11.700,12.467,0.800,right,L3_Product_4of4,,true
ANN_000036,21_1,validation,product_interaction,return,529,540,17.633,18.000,0.400,right,L5_Product_2of4,,true
ANN_000037,21_1,validation,product_interaction,return,901,918,30.033,30.600,0.600,right,L5_Product_1of4,,true
ANN_000038,21_1,validation,product_interaction,return,3960,3976,132.000,132.533,0.567,right,R4_Product_3of4,,true
ANN_000039,21_2,validation,product_interaction,product_held,2331,2387,77.700,79.567,1.900,right,L7_Product_3of4,,true
ANN_000040,21_2,validation,product_interaction,return,2371,2387,79.033,79.567,0.567,right,L7_Product_3of4,,true
ANN_000041,21_2,validation,product_interaction,product_held,2419,2574,80.633,85.800,5.200,right,L7_Product_2of4,,true
ANN_000042,21_2,validation,product_interaction,pickup,2409,2418,80.300,80.600,0.333,right,L7_Product_2of4,,
ANN_000043,21_2,validation,product_interaction,return,2560,2574,85.333,85.800,0.500,right,L7_Product_2of4,,true
ANN_000044,21_2,validation,product_interaction,pickup,2794,2801,93.133,93.367,0.267,right,L7_Product_3of4,,
ANN_000045,21_2,validation,product_interaction,product_held,2802,4043,93.400,134.767,41.400,right,L7_Product_3of4,,false
ANN_000046,21_2,validation,product_interaction,pickup,3180,3212,106.000,107.067,1.100,right,R1_Product_4of4,,
ANN_000047,21_2,validation,product_interaction,product_held,3213,4043,107.100,134.767,27.700,right,R1_Product_4of4,,false
ANN_000048,21_2,validation,product_interaction,pickup,3769,3813,125.633,127.100,1.500,right,R6_Product_2of3,,
ANN_000049,21_2,validation,product_interaction,product_held,3814,3922,127.133,130.733,3.633,right,R6_Product_2of3,,true
ANN_000050,21_2,validation,product_interaction,return,3906,3922,130.200,130.733,0.567,right,R6_Product_2of3,,true
ANN_000051,21_3,validation,product_interaction,pickup,272,285,9.067,9.500,0.467,right,L3_Product_4of4,,
ANN_000052,21_3,validation,product_interaction,pickup,286,450,9.533,15.000,5.500,right,L3_Product_4of4,,true
ANN_000053,21_3,validation,product_interaction,return,429,450,14.300,15.000,0.733,right,L3_Product_4of4,,true
ANN_000054,21_3,validation,product_interaction,pickup,510,545,17.000,18.167,1.200,right,L3_Product_1of4,,
ANN_000055,21_3,validation,product_interaction,product_held,546,584,18.200,19.467,1.300,right,L3_Product_1of4,,true
ANN_000056,21_3,validation,product_interaction,return,574,584,19.133,19.467,0.367,right,L3_Product_1of4,,true
ANN_000057,21_3,validation,product_interaction,pickup,712,720,23.733,24.000,0.300,right,L4_Product_3of4,,
ANN_000058,21_3,validation,product_interaction,product_held,721,1320,24.033,44.000,20.000,right,L4_Product_3of4,,true
ANN_000059,21_3,validation,product_interaction,return,1299,1320,43.300,44.000,0.733,right,L4_Product_3of4,,true
ANN_000060,21_3,validation,product_interaction,pickup,1053,1057,35.100,35.233,0.167,right,L3_Product_2of4,,
ANN_000061,21_3,validation,product_interaction,product_held,1058,2095,35.267,69.833,34.600,right,L3_Product_2of4,,false
ANN_000062,21_3,validation,product_interaction,comparison,1085,1278,36.167,42.600,6.467,both,L3_Product_2of4,L3_Product_3of4,
ANN_000063,21_3,validation,product_interaction,pickup,1532,1538,51.067,51.267,0.233,right,L7_Product_1of4,,
ANN_000064,21_3,validation,product_interaction,product_held,1539,2095,51.300,69.833,18.567,right,L7_Product_1of4,,false
ANN_000065,21_3,validation,product_interaction,pickup,1897,1903,63.233,63.433,0.233,right,R4_Product_1of4,,
ANN_000066,21_3,validation,product_interaction,product_held,1904,2056,63.467,68.533,5.100,right,R4_Product_1of4,,false
ANN_000067,21_3,validation,product_interaction,pickup,2601,2610,86.700,87.000,0.333,right,R4_Product_4of4,,
ANN_000068,21_3,validation,product_interaction,product_held,2611,3002,87.033,100.067,13.067,right,R4_Product_4of4,,true
ANN_000069,21_3,validation,product_interaction,return,2984,3002,99.467,100.067,0.633,right,R4_Product_4of4,,true
ANN_000070,21_3,validation,product_interaction,pickup,3101,3123,103.367,104.100,0.767,right,R5_Product_2of4,,
ANN_000071,21_3,validation,product_interaction,product_held,3124,4274,104.133,142.467,38.367,right,R5_Product_2of4,,false
ANN_000072,21_3,validation,product_interaction,pickup,3737,3748,124.567,124.933,0.400,right,R4_Product_1of4,,
ANN_000074,21_3,validation,product_interaction,product_held,3749,4274,124.967,142.467,17.533,right,R4_Product_1of4,,false
ANN_000075,22_1,validation,product_interaction,pickup,335,345,11.167,11.500,0.367,left,L6_Product_1of4,,
ANN_000076,22_1,validation,product_interaction,product_held,346,2109,11.533,70.300,58.800,left,L6_Product_1of4,,false
ANN_000077,22_1,validation,product_interaction,pickup,608,632,20.267,21.067,0.833,right,R5_Product_1of4,,
ANN_000078,22_1,validation,product_interaction,product_held,633,2109,21.100,70.300,49.233,right,R5_Product_1of4,,false
ANN_000079,22_1,validation,product_interaction,pickup,1095,1111,36.500,37.033,0.567,right,R4_Product_2of4,,
ANN_000080,22_1,validation,product_interaction,product_held,1112,2109,37.067,70.300,33.267,right,R4_Product_2of4,,false
ANN_000081,22_1,validation,product_interaction,pickup,1869,1907,62.300,63.567,1.300,right,R4_Product_4of4,,
ANN_000082,22_1,validation,product_interaction,product_held,1908,2109,63.600,70.300,6.733,right,R4_Product_4of4,,false
ANN_000083,22_1,validation,product_interaction,pickup,2558,2566,85.267,85.533,0.300,left,L4_Product_4of4,,
ANN_000084,22_1,validation,product_interaction,product_held,2567,4219,85.567,140.633,55.100,left,L4_Product_4of4,,false
ANN_000085,22_1,validation,product_interaction,pickup,2722,2752,90.733,91.733,1.033,right,L4_Product_3of4,,
ANN_000086,22_1,validation,product_interaction,product_held,2753,2859,91.767,95.300,3.567,right,L4_Product_3of4,,true
ANN_000087,22_1,validation,product_interaction,return,2842,2859,94.733,95.300,0.600,right,L4_Product_3of4,,true
ANN_000088,22_1,validation,product_interaction,comparison,2758,2833,91.933,94.433,2.533,both,L4_Product_3of4,L4_Product_4of4,true
ANN_000089,22_1,validation,product_interaction,pickup,3191,3244,106.367,108.133,1.800,right,R1_Product_2of4,,
ANN_000090,22_1,validation,product_interaction,product_held,3245,4219,108.167,140.633,32.500,right,R1_Product_2of4,,false
ANN_000091,22_1,validation,product_interaction,pickup,3857,3904,128.567,130.133,1.600,right,R5_Product_4of4,,
ANN_000092,22_1,validation,product_interaction,product_held,3905,4219,130.167,140.633,10.500,right,R5_Product_4of4,,false
ANN_000093,22_2,validation,product_interaction,pickup,299,306,9.967,10.200,0.267,right,R3_Product_1of4,,
ANN_000094,22_2,validation,product_interaction,product_held,307,2168,10.233,72.267,62.067,right,R3_Product_1of4,,false
ANN_000095,22_2,validation,product_interaction,pickup,628,653,20.933,21.767,0.867,right,R5_Product_1of4,,
ANN_000096,22_2,validation,product_interaction,product_held,654,2168,21.800,72.267,50.500,right,R5_Product_1of4,,false
ANN_000097,22_2,validation,product_interaction,pickup,1207,1248,40.233,41.600,1.400,right,L6_Product_1of4,,
ANN_000098,22_2,validation,product_interaction,product_held,1249,2168,41.633,72.267,30.667,right,L6_Product_1of4,,false
ANN_000099,22_2,validation,product_interaction,pickup,1683,1706,56.100,56.867,0.800,right,R4_Product_4of4,,
ANN_000100,22_2,validation,product_interaction,product_held,1707,2168,56.900,72.267,15.400,right,R4_Product_4of4,,false
ANN_000101,22_2,validation,product_interaction,pickup,2512,2546,83.733,84.867,1.167,left,L5_Product_3of4,,
ANN_000102,22_2,validation,product_interaction,product_held,2547,4198,84.900,139.933,55.067,left,L5_Product_3of4,,false
ANN_000103,22_2,validation,product_interaction,pickup,2744,2787,91.467,92.900,1.467,left,L2_Product_2of2,,
ANN_000104,22_2,validation,product_interaction,product_held,2788,4198,92.933,139.933,47.033,left,L2_Product_2of2,,false
ANN_000105,22_2,validation,product_interaction,pickup,3269,3299,108.967,109.967,1.033,right,R1_Product_3of4,,
ANN_000106,22_2,validation,product_interaction,product_held,3300,4198,110.000,139.933,29.967,right,R1_Product_3of4,,false
ANN_000107,22_2,validation,product_interaction,pickup,3608,3636,120.267,121.200,0.967,right,R6_Product_1of3,,
ANN_000108,22_2,validation,product_interaction,pickup,3637,4198,121.233,139.933,18.733,right,R6_Product_1of3,,false
ANN_000109,22_2,validation,product_interaction,pickup,3990,4004,133.000,133.467,0.500,right,L4_Product_4of4,,
ANN_000110,22_2,validation,product_interaction,product_held,4005,4198,133.500,139.933,6.467,right,L4_Product_4of4,,false
ANN_000111,22_3,validation,product_interaction,pickup,259,279,8.633,9.300,0.700,right,R3_Product_4of4,,
ANN_000112,22_3,validation,product_interaction,product_held,280,2069,9.333,68.967,59.667,right,R3_Product_4of4,,false
ANN_000113,22_3,validation,product_interaction,pickup,521,548,17.367,18.267,0.933,right,L7_Product_1of4,,
ANN_000114,22_3,validation,product_interaction,product_held,549,2069,18.300,68.967,50.700,right,L7_Product_1of4,,false
ANN_000115,22_3,validation,product_interaction,pickup,894,952,29.800,31.733,1.967,right,L3_Product_4of4,,
ANN_000116,22_3,validation,product_interaction,return,914,952,30.467,31.733,1.300,right,L3_Product_4of4,,true
ANN_000117,22_3,validation,product_interaction,pickup,1033,1054,34.433,35.133,0.733,right,L3_Product_3of4,,
ANN_000118,22_3,validation,product_interaction,product_held,1055,2069,35.167,68.967,33.833,right,L3_Product_3of4,,false
ANN_000119,22_3,validation,product_interaction,pickup,1289,1321,42.967,44.033,1.100,right,L2_Product_1of2,,
ANN_000120,22_3,validation,product_interaction,product_held,1322,2069,44.067,68.967,24.933,right,L2_Product_1of2,,false
ANN_000121,22_3,validation,product_interaction,pickup,1630,1649,54.333,54.967,0.667,right,L7_Product_3of4,,
ANN_000122,22_3,validation,product_interaction,product_held,1650,1782,55.000,59.400,4.433,right,L7_Product_3of4,,true
ANN_000123,22_3,validation,product_interaction,return,1770,1782,59.000,59.400,0.433,right,L7_Product_3of4,,true
ANN_000124,22_3,validation,product_interaction,pickup,1793,1811,59.767,60.367,0.633,right,L7_Product_2of4,,
ANN_000125,22_3,validation,product_interaction,product_held,1812,2069,60.400,68.967,8.600,right,L7_Product_2of4,,false
ANN_000126,22_3,validation,product_interaction,pickup,2409,2436,80.300,81.200,0.933,right,L5_Product_4of4,,
ANN_000127,22_3,validation,product_interaction,product_held,2437,4069,81.233,135.633,54.433,right,L5_Product_4of4,,false
ANN_000128,22_3,validation,product_interaction,pickup,2570,2623,85.667,87.433,1.800,right,L5_Product_1of4,,
ANN_000129,22_3,validation,product_interaction,product_held,2624,4069,87.467,135.633,48.200,right,L5_Product_1of4,,false
ANN_000130,22_3,validation,product_interaction,pickup,3009,3038,100.300,101.267,1.000,right,R4_Product_3of4,,
ANN_000131,22_3,validation,product_interaction,product_held,3039,4069,101.300,135.633,34.367,right,R4_Product_3of4,,false
ANN_000132,22_3,validation,product_interaction,pickup,3279,3343,109.300,111.433,2.167,right,R6_Product_2of3,,
ANN_000133,22_3,validation,product_interaction,product_held,3344,4069,111.467,135.633,24.200,right,R6_Product_2of3,,false
ANN_000134,22_3,validation,product_interaction,pickup,3634,3683,121.133,122.767,1.667,right,R4_Product_2of4,,
ANN_000135,22_3,validation,product_interaction,product_held,3684,4069,122.800,135.633,12.867,right,R4_Product_2of4,,false
ANN_000136,22_3,validation,product_interaction,pickup,3926,3944,130.867,131.467,0.633,right,L6_Product_2of3,,
ANN_000137,22_3,validation,product_interaction,product_held,3945,4069,131.500,135.633,4.167,right,L6_Product_2of3,,false
ANN_000138,23_1,validation,product_interaction,pickup,394,411,13.133,13.700,0.600,right,R3_Product_2of4,,
ANN_000139,23_1,validation,product_interaction,product_held,412,792,13.733,26.400,12.700,right,R3_Product_2of4,,true
ANN_000140,23_1,validation,product_interaction,return,769,792,25.633,26.400,0.800,right,R3_Product_2of4,,true
ANN_000141,23_1,validation,product_interaction,pickup,797,851,26.567,28.367,1.833,right,R3_Product_4of4,,
ANN_000142,23_1,validation,product_interaction,product_held,852,1112,28.400,37.067,8.700,right,R3_Product_4of4,,true
ANN_000143,23_1,validation,product_interaction,return,1099,1112,36.633,37.067,0.467,right,R3_Product_4of4,,true
ANN_000144,23_1,validation,product_interaction,pickup,1154,1169,38.467,38.967,0.533,right,R3_Product_4of4,,
ANN_000145,23_1,validation,product_interaction,product_held,1170,1337,39.000,44.567,5.600,right,R3_Product_4of4,,true
ANN_000146,23_1,validation,product_interaction,return,1319,1337,43.967,44.567,0.633,right,R3_Product_4of4,,true
ANN_000147,23_1,validation,product_interaction,pickup,2180,2196,72.667,73.200,0.567,right,L3_Product_3of4,,
ANN_000148,23_1,validation,product_interaction,product_held,2197,2235,73.233,74.500,1.300,right,L3_Product_3of4,,true
ANN_000149,23_1,validation,product_interaction,return,2222,2235,74.067,74.500,0.467,right,L3_Product_3of4,,true
ANN_000150,23_1,validation,product_interaction,pickup,2252,2270,75.067,75.667,0.633,right,L4_Product_3of4,,
ANN_000151,23_1,validation,product_interaction,product_held,2271,2356,75.700,78.533,2.867,right,L4_Product_3of4,,true
ANN_000152,23_1,validation,product_interaction,return,2336,2356,77.867,78.533,0.700,right,L4_Product_3of4,,true
ANN_000153,23_1,validation,product_interaction,pickup,2453,2469,81.767,82.300,0.567,right,L4_Product_4of4,,
ANN_000154,23_1,validation,product_interaction,product_held,2470,2654,82.333,88.467,6.167,right,L4_Product_4of4,,true
ANN_000155,23_1,validation,product_interaction,return,2648,2654,88.267,88.467,0.233,right,L4_Product_4of4,,true
ANN_000156,23_1,validation,product_interaction,pickup,3080,3095,102.667,103.167,0.533,right,L7_Product_2of4,,
ANN_000157,23_1,validation,product_interaction,product_held,3096,3329,103.200,110.967,7.800,right,L7_Product_2of4,,true
ANN_000158,23_1,validation,product_interaction,return,3316,3329,110.533,110.967,0.467,right,L7_Product_2of4,,true
ANN_000159,23_1,validation,product_interaction,pickup,3546,3568,118.200,118.933,0.767,right,R3_Product_4of4,,
ANN_000160,23_1,validation,product_interaction,product_held,3569,4035,118.967,134.500,15.567,right,R3_Product_4of4,,false
ANN_000161,23_1,validation,product_interaction,pickup,3796,3825,126.533,127.500,1.000,right,L4_Product_4of4,,
ANN_000162,23_1,validation,product_interaction,product_held,3826,4035,127.533,134.500,7.000,right,L4_Product_4of4,,false
ANN_000163,23_1,validation,product_interaction,comparison,3839,3950,127.967,131.667,3.733,both,R3_Product_4of4,L4_Product_4of4,false
ANN_000164,23_2,validation,product_interaction,pickup,786,799,26.200,26.633,0.467,left,L2_Product_2of2,,
ANN_000165,23_2,validation,product_interaction,product_held,800,924,26.667,30.800,4.167,left,L2_Product_2of2,,true
ANN_000166,23_2,validation,product_interaction,return,914,924,30.467,30.800,0.367,left,L2_Product_2of2,,true
ANN_000167,23_2,validation,product_interaction,pickup,1212,1240,40.400,41.333,0.967,right,R3_Product_3of4,,
ANN_000168,23_2,validation,product_interaction,product_held,1241,1682,41.367,56.067,14.733,right,R3_Product_3of4,,true
ANN_000169,23_2,validation,product_interaction,return,1673,1682,55.767,56.067,0.333,right,R3_Product_3of4,,true
ANN_000170,23_2,validation,product_interaction,pickup,1700,1733,56.667,57.767,1.133,right,R3_Product_4of4,,
ANN_000171,23_2,validation,product_interaction,product_held,1734,2124,57.800,70.800,13.033,right,R3_Product_4of4,,true
ANN_000172,23_2,validation,product_interaction,return,2112,2124,70.400,70.800,0.433,right,R3_Product_4of4,,true
ANN_000173,23_2,validation,product_interaction,pickup,2149,2173,71.633,72.433,0.833,right,R3_Product_4of4,,
ANN_000174,23_2,validation,product_interaction,product_held,2174,2285,72.467,76.167,3.733,right,R3_Product_4of4,,true
ANN_000175,23_2,validation,product_interaction,return,2270,2285,75.667,76.167,0.533,right,R3_Product_4of4,,true
ANN_000176,23_2,validation,product_interaction,pickup,2609,2629,86.967,87.633,0.700,right,L3_Product_1of4,,
ANN_000177,23_2,validation,product_interaction,product_held,2630,2699,87.667,89.967,2.333,right,L3_Product_1of4,,true
ANN_000178,23_2,validation,product_interaction,return,2692,2699,89.733,89.967,0.267,right,L3_Product_1of4,,true
ANN_000179,23_2,validation,product_interaction,pickup,2938,2961,97.933,98.700,0.800,right,R2_Product_1of3,,
ANN_000180,23_2,validation,product_interaction,product_held,2962,3065,98.733,102.167,3.467,right,R2_Product_1of3,,true
ANN_000181,23_2,validation,product_interaction,return,3062,3065,102.067,102.167,0.133,right,R2_Product_1of3,,true
ANN_000182,23_2,validation,product_interaction,pickup,3387,3397,112.900,113.233,0.367,right,R4_Product_4of4,,
ANN_000183,23_2,validation,product_interaction,product_held,3398,3705,113.267,123.500,10.267,right,R4_Product_4of4,,true
ANN_000184,23_2,validation,product_interaction,return,3682,3705,122.733,123.500,0.800,right,R4_Product_4of4,,true
ANN_000185,23_2,validation,product_interaction,pickup,3730,3779,124.333,125.967,1.667,right,R4_Product_3of4,,
ANN_000186,23_2,validation,product_interaction,product_held,3780,4153,126.000,138.433,12.467,right,R4_Product_3of4,,true
ANN_000187,23_2,validation,product_interaction,return,4137,4153,137.900,138.433,0.567,right,R4_Product_3of4,,true
ANN_000188,23_2,validation,product_interaction,pickup,4390,4412,146.333,147.067,0.767,right,R5_Product_3of4,,
ANN_000189,23_2,validation,product_interaction,product_held,4413,4574,147.100,152.467,5.400,right,R5_Product_3of4,,true
ANN_000190,23_2,validation,product_interaction,return,4567,4574,152.233,152.467,0.267,right,R5_Product_3of4,,true
ANN_000191,23_2,validation,product_interaction,pickup,4812,4848,160.400,161.600,1.233,left,R3_Product_2of4,,
ANN_000192,23_2,validation,product_interaction,product_held,4849,5118,161.633,170.600,9.000,left,R3_Product_2of4,,true
ANN_000193,23_2,validation,product_interaction,return,5112,5118,170.400,170.600,0.233,left,R3_Product_2of4,,true
ANN_000194,23_3,validation,product_interaction,pickup,416,445,13.867,14.833,1.000,right,R3_Product_4of4,,
ANN_000195,23_3,validation,product_interaction,product_held,446,621,14.867,20.700,5.867,right,R3_Product_4of4,,true
ANN_000196,23_3,validation,product_interaction,return,611,621,20.367,20.700,0.367,right,R3_Product_4of4,,true
ANN_000197,23_3,validation,product_interaction,pickup,739,774,24.633,25.800,1.200,right,R3_Product_4of4,,
ANN_000198,23_3,validation,product_interaction,product_held,775,844,25.833,28.133,2.333,right,R3_Product_4of4,,true
ANN_000199,23_3,validation,product_interaction,return,836,844,27.867,28.133,0.300,right,R3_Product_4of4,,true
ANN_000200,23_3,validation,product_interaction,pickup,919,945,30.633,31.500,0.900,right,R3_Product_3of4,,
ANN_000201,23_3,validation,product_interaction,product_held,946,1036,31.533,34.533,3.033,right,R3_Product_3of4,,true
ANN_000202,23_3,validation,product_interaction,return,1027,1036,34.233,34.533,0.333,right,R3_Product_3of4,,true
ANN_000203,23_3,validation,product_interaction,pickup,1744,1761,58.133,58.700,0.600,right,R2_Product_2of2,,
ANN_000204,23_3,validation,product_interaction,product_held,1762,1913,58.733,63.767,5.067,right,R2_Product_2of2,,true
ANN_000205,23_3,validation,product_interaction,return,1900,1913,63.333,63.767,0.467,right,R2_Product_2of2,,true
ANN_000206,23_3,validation,product_interaction,pickup,2941,2965,98.033,98.833,0.833,right,R4_Product_3of4,,
ANN_000207,23_3,validation,product_interaction,product_held,2966,3105,98.867,103.500,4.667,right,R4_Product_3of4,,true
ANN_000208,23_3,validation,product_interaction,return,3075,3105,102.500,103.500,1.033,right,R4_Product_3of4,,true
ANN_000209,23_3,validation,product_interaction,pickup,4196,4222,139.867,140.733,0.900,right,R5_Product_3of4,,
ANN_000210,23_3,validation,product_interaction,product_held,4223,4393,140.767,146.433,5.700,right,R5_Product_3of4,,true
ANN_000211,23_3,validation,product_interaction,return,4388,4393,146.267,146.433,0.200,right,R5_Product_3of4,,true
ANN_000212,23_3,validation,product_interaction,pickup,4499,4526,149.967,150.867,0.933,right,R4_Product_2of4,,
ANN_000213,23_3,validation,product_interaction,product_held,4499,4756,149.967,158.533,8.600,right,R4_Product_2of4,,true
ANN_000214,23_3,validation,product_interaction,return,4746,4756,158.200,158.533,0.367,right,R4_Product_2of4,,true
ANN_000215,23_3,validation,product_interaction,pickup,4822,4843,160.733,161.433,0.733,right,R4_Product_1of4,,
ANN_000216,23_3,validation,product_interaction,product_held,4822,5056,160.733,168.533,7.833,right,R4_Product_1of4,,true
ANN_000217,23_3,validation,product_interaction,return,5045,5056,168.167,168.533,0.400,right,R4_Product_1of4,,true
ANN_000218,23_3,validation,product_interaction,pickup,5151,5190,171.700,173.000,1.333,right,R4_Product_2of4,,
ANN_000219,23_3,validation,product_interaction,product_held,5191,6001,173.033,200.033,27.033,right,R4_Product_2of4,,false
ANN_000220,23_3,validation,product_interaction,pickup,5673,5712,189.100,190.400,1.333,right,R4_Product_4of4,,
ANN_000221,23_3,validation,product_interaction,pickup,5713,6001,190.433,200.033,9.633,right,R4_Product_4of4,,false
ANN_000222,24_1,validation,product_interaction,pickup,643,657,21.433,21.900,0.500,left,R3_Product_2of4,,
ANN_000223,24_1,validation,product_interaction,product_held,658,1939,21.933,64.633,42.733,left,R3_Product_2of4,,false
ANN_000224,24_1,validation,product_interaction,pickup,1096,1121,36.533,37.367,0.867,right,R6_Product_3of3,,
ANN_000225,24_1,validation,product_interaction,product_held,1122,1552,37.400,51.733,14.367,right,R6_Product_3of3,,true
ANN_000226,24_1,validation,product_interaction,return,1526,1552,50.867,51.733,0.900,right,R6_Product_3of3,,true
ANN_000227,24_1,validation,product_interaction,pickup,1742,1845,58.067,61.500,3.467,right,R4_Product_1of4,,
ANN_000228,24_1,validation,product_interaction,product_held,1846,1939,61.533,64.633,3.133,right,R4_Product_1of4,,false
ANN_000229,24_1,validation,product_interaction,pickup,2623,2637,87.433,87.900,0.500,left,L7_Product_1of4,,
ANN_000230,24_1,validation,product_interaction,product_held,2638,2824,87.933,94.133,6.233,left,L7_Product_1of4,,true
ANN_000231,24_1,validation,product_interaction,return,2802,2824,93.400,94.133,0.767,left,L7_Product_1of4,,true
ANN_000232,24_1,validation,product_interaction,pickup,2826,2832,94.200,94.400,0.233,right,L7_Product_1of4,,
ANN_000233,24_1,validation,product_interaction,product_held,2833,3997,94.433,133.233,38.833,right,L7_Product_1of4,,false
ANN_000234,24_1,validation,product_interaction,pickup,3262,3305,108.733,110.167,1.467,right,L4_Product_4of4,,
ANN_000235,24_1,validation,product_interaction,product_held,3306,3342,110.200,111.400,1.233,right,L4_Product_4of4,,true
ANN_000236,24_1,validation,product_interaction,return,3334,3342,111.133,111.400,0.300,right,L4_Product_4of4,,true
ANN_000237,24_2,validation,product_interaction,pickup,224,253,7.467,8.433,1.000,right,R3_Product_2of4,,
ANN_000238,24_2,validation,product_interaction,product_held,254,426,8.467,14.200,5.767,right,R3_Product_2of4,,true
ANN_000239,24_2,validation,product_interaction,return,417,426,13.900,14.200,0.333,right,R3_Product_2of4,,true
ANN_000240,24_2,validation,product_interaction,pickup,928,965,30.933,32.167,1.267,right,R1_Product_2of4,,
ANN_000241,24_2,validation,product_interaction,product_held,966,1276,32.200,42.533,10.367,right,R1_Product_2of4,,true
ANN_000242,24_2,validation,product_interaction,return,1240,1276,41.333,42.533,1.233,right,R1_Product_2of4,,true
ANN_000243,24_2,validation,product_interaction,pickup,1364,1387,45.467,46.233,0.800,left,R3_Product_1of4,,
ANN_000244,24_2,validation,product_interaction,product_held,1388,1550,46.267,51.667,5.433,left,R3_Product_1of4,,true
ANN_000245,24_2,validation,product_interaction,return,1543,1550,51.433,51.667,0.267,left,R3_Product_1of4,,true
ANN_000246,24_2,validation,product_interaction,pickup,1814,1837,60.467,61.233,0.800,left,R6_Product_2of3,,
ANN_000247,24_2,validation,product_interaction,product_held,1838,2226,61.267,74.200,12.967,left,R6_Product_2of3,,true
ANN_000248,24_2,validation,product_interaction,return,2224,2226,74.133,74.200,0.100,left,R6_Product_2of3,,true
ANN_000249,24_2,validation,product_interaction,pickup,2572,2602,85.733,86.733,1.033,right,L2_Product_1of2,,
ANN_000250,24_2,validation,product_interaction,product_held,2603,2728,86.767,90.933,4.200,right,L2_Product_1of2,,true
ANN_000251,24_2,validation,product_interaction,return,2710,2728,90.333,90.933,0.633,right,L2_Product_1of2,,true
ANN_000252,24_2,validation,product_interaction,pickup,2921,2937,97.367,97.900,0.567,left,L4_Product_2of4,,
ANN_000253,24_2,validation,product_interaction,product_held,2938,3092,97.933,103.067,5.167,left,L4_Product_2of4,,true
ANN_000254,24_2,validation,product_interaction,return,3082,3092,102.733,103.067,0.367,left,L4_Product_2of4,,true
ANN_000255,24_2,validation,product_interaction,pickup,3194,3210,106.467,107.000,0.567,left,L4_Product_4of4,,
ANN_000256,24_2,validation,product_interaction,product_held,3211,3419,107.033,113.967,6.967,left,L4_Product_4of4,,true
ANN_000257,24_2,validation,product_interaction,return,3390,3419,113.000,113.967,1.000,left,L4_Product_4of4,,true
ANN_000258,24_2,validation,product_interaction,pickup,3698,3714,123.267,123.800,0.567,right,L7_Product_1of4,,
ANN_000259,24_2,validation,product_interaction,product_held,3715,3807,123.833,126.900,3.100,right,L7_Product_1of4,,true
ANN_000260,24_2,validation,product_interaction,return,3803,3807,126.767,126.900,0.167,right,L7_Product_1of4,,true
ANN_000261,24_2,validation,product_interaction,pickup,3975,3993,132.500,133.100,0.633,left,L6_Product_1of3,,
ANN_000262,24_2,validation,product_interaction,product_held,3994,4112,133.133,137.067,3.967,left,L6_Product_1of3,,true
ANN_000263,24_2,validation,product_interaction,return,4093,4112,136.433,137.067,0.667,left,L6_Product_1of3,,true
ANN_000264,24_2,validation,product_interaction,pickup,4402,4414,146.733,147.133,0.433,left,L2_Product_2of2,,
ANN_000265,24_2,validation,product_interaction,product_held,4415,4557,147.167,151.900,4.767,left,L2_Product_2of2,,true
ANN_000266,24_2,validation,product_interaction,product_held,4536,4557,151.200,151.900,0.733,left,L2_Product_2of2,,true
ANN_000267,24_3,validation,product_interaction,pickup,317,327,10.567,10.900,0.367,right,R5_Product_3of4,,
ANN_000268,24_3,validation,product_interaction,product_held,328,533,10.933,17.767,6.867,right,R5_Product_3of4,,true
ANN_000269,24_3,validation,product_interaction,return,527,533,17.567,17.767,0.233,right,R5_Product_3of4,,true
ANN_000270,24_3,validation,product_interaction,pickup,714,731,23.800,24.367,0.600,right,R3_Product_2of4,,
ANN_000271,24_3,validation,product_interaction,product_held,714,2473,23.800,82.433,58.667,right,R3_Product_2of4,,false
ANN_000272,24_3,validation,product_interaction,pickup,1157,1167,38.567,38.900,0.367,left,L6_Product_2of4,,
ANN_000273,24_3,validation,product_interaction,product_held,1168,2437,38.933,81.233,42.333,left,L6_Product_2of4,,false
ANN_000274,24_3,validation,product_interaction,pickup,1239,1259,41.300,41.967,0.700,left,L6_Product_2of4,,
ANN_000275,24_3,validation,product_interaction,product_held,1260,2437,42.000,81.233,39.267,left,L6_Product_2of4,,false
ANN_000276,24_3,validation,product_interaction,pickup,1316,1345,43.867,44.833,1.000,left,L6_Product_2of4,,
ANN_000277,24_3,validation,product_interaction,product_held,1346,2437,44.867,81.233,36.400,left,L6_Product_2of4,,false
ANN_000278,24_3,validation,product_interaction,pickup,1606,1626,53.533,54.200,0.700,right,L2_Product_1of2,,
ANN_000279,24_3,validation,product_interaction,product_held,1627,2437,54.233,81.233,27.033,right,L2_Product_1of2,,false
ANN_000280,24_3,validation,product_interaction,pickup,2139,2156,71.300,71.867,0.600,right,L4_Product_3of4,,
ANN_000281,24_3,validation,product_interaction,product_held,2157,2404,71.900,80.133,8.267,right,L4_Product_3of4,,true
ANN_000282,24_3,validation,product_interaction,return,2397,2404,79.900,80.133,0.267,right,L4_Product_3of4,,true
ANN_000283,24_3,validation,product_interaction,pickup,2911,2943,97.033,98.100,1.100,left,R1_Product_4of4,,
ANN_000284,24_3,validation,product_interaction,product_held,2911,3261,97.033,108.700,11.700,left,R1_Product_4of4,,true
ANN_000285,24_3,validation,product_interaction,return,3241,3261,108.033,108.700,0.700,left,R1_Product_4of4,,true
ANN_000286,24_3,validation,product_interaction,pickup,3648,3691,121.600,123.033,1.467,left,R6_Product_2of3,,
ANN_000287,24_3,validation,product_interaction,product_held,3692,4806,123.067,160.200,37.167,left,R6_Product_2of3,,false
ANN_000288,24_3,validation,product_interaction,pickup,3796,3843,126.533,128.100,1.600,left,R6_Product_3of3,,
ANN_000289,24_3,validation,product_interaction,product_held,3844,4806,128.133,160.200,32.100,left,R6_Product_3of3,,false
ANN_000290,24_3,validation,product_interaction,pickup,4075,4095,135.833,136.500,0.700,right,L1_Product_1of1,,
ANN_000291,24_3,validation,product_interaction,product_held,4096,4806,136.533,160.200,23.700,right,L1_Product_1of1,,false
ANN_000292,24_3,validation,product_interaction,pickup,4157,4184,138.567,139.467,0.933,right,L1_Product_1of1,,
ANN_000293,24_3,validation,product_interaction,product_held,4185,4806,139.500,160.200,20.733,right,L1_Product_1of1,,false
ANN_000294,24_3,validation,product_interaction,pickup,4235,4253,141.167,141.767,0.633,right,L1_Product_1of1,,
ANN_000295,24_3,validation,product_interaction,product_held,4254,4806,141.800,160.200,18.433,right,L1_Product_1of1,,false
ANN_000296,24_3,validation,product_interaction,pickup,4316,4340,143.867,144.667,0.833,right,L2_Product_1of2,,
ANN_000297,24_3,validation,product_interaction,product_held,4341,4806,144.700,160.200,15.533,right,L2_Product_1of2,,false
ANN_000298,24_3,validation,product_interaction,pickup,4410,4432,147.000,147.733,0.767,right,L2_Product_1of2,,
ANN_000299,24_3,validation,product_interaction,pickup,4433,4806,147.767,160.200,12.467,right,L2_Product_1of2,,false
ANN_000300,25_1,validation,product_interaction,product_held,344,1987,11.467,66.233,54.800,right,L4_Product_3of4,,false
ANN_000301,25_1,validation,product_interaction,pickup,302,343,10.067,11.433,1.400,right,L4_Product_3of4,,
ANN_000302,25_1,validation,product_interaction,pickup,898,945,29.933,31.500,1.600,right,R1_Product_4of4,,
ANN_000303,25_1,validation,product_interaction,product_held,946,1987,31.533,66.233,34.733,right,R1_Product_4of4,,false
ANN_000304,25_1,validation,product_interaction,pickup,1248,1295,41.600,43.167,1.600,right,R2_Product_4of4,,
ANN_000305,25_1,validation,product_interaction,product_held,1296,1412,43.200,47.067,3.900,right,R2_Product_4of4,,false
ANN_000306,25_1,validation,product_interaction,return,1403,1412,46.767,47.067,0.333,right,R2_Product_4of4,,true
ANN_000307,25_1,validation,product_interaction,pickup,1619,1647,53.967,54.900,0.967,right,R4_Product_2of4,,
ANN_000308,25_1,validation,product_interaction,product_held,1648,1987,54.933,66.233,11.333,right,R4_Product_2of4,,false
ANN_000309,25_1,validation,product_interaction,pickup,2313,2337,77.100,77.900,0.833,right,L5_Product_1of4,,
ANN_000310,25_1,validation,product_interaction,product_held,2338,2563,77.933,85.433,7.533,right,L5_Product_1of4,,true
ANN_000311,25_1,validation,product_interaction,return,2548,2563,84.933,85.433,0.533,right,L5_Product_1of4,,true
ANN_000312,25_1,validation,product_interaction,pickup,2838,2856,94.600,95.200,0.633,right,L7_Product_1of4,,
ANN_000313,25_1,validation,product_interaction,product_held,2857,4248,95.233,141.600,46.400,right,L7_Product_1of4,,false
ANN_000314,25_1,validation,product_interaction,pickup,3628,3655,120.933,121.833,0.933,right,L7_Product_2of4,,
ANN_000315,25_1,validation,product_interaction,product_held,3656,3740,121.867,124.667,2.833,right,L7_Product_2of4,,true
ANN_000316,25_1,validation,product_interaction,return,3733,3740,124.433,124.667,0.267,right,L7_Product_2of4,,true
ANN_000317,25_1,validation,product_interaction,comparison,3673,3724,122.433,124.133,1.733,both,L7_Product_2of4,L7_Product_1of4,true
ANN_000318,25_2,validation,product_interaction,pickup,513,539,17.100,17.967,0.900,right,R2_Product_1of3,,
ANN_000319,25_2,validation,product_interaction,product_held,540,605,18.000,20.167,2.200,right,R2_Product_1of3,,true
ANN_000320,25_2,validation,product_interaction,return,584,605,19.467,20.167,0.733,right,R2_Product_1of3,,true
ANN_000321,25_2,validation,product_interaction,pickup,631,686,21.033,22.867,1.867,right,R2_Product_3of3,,
ANN_000322,25_2,validation,product_interaction,product_held,631,2266,21.033,75.533,54.533,right,R2_Product_3of3,,false
ANN_000323,25_2,validation,product_interaction,pickup,866,895,28.867,29.833,1.000,right,R3_Product_4of4,,
ANN_000324,25_2,validation,product_interaction,product_held,896,1014,29.867,33.800,3.967,right,R3_Product_4of4,,true
ANN_000325,25_2,validation,product_interaction,return,1002,1014,33.400,33.800,0.433,right,R3_Product_4of4,,true
ANN_000326,25_2,validation,product_interaction,pickup,1060,1074,35.333,35.800,0.500,right,R3_Product_1of4,,
ANN_000327,25_2,validation,product_interaction,product_held,1075,2266,35.833,75.533,39.733,right,R3_Product_1of4,,false
ANN_000328,25_2,validation,product_interaction,pickup,1221,1235,40.700,41.167,0.500,right,R4_Product_2of4,,
ANN_000329,25_2,validation,product_interaction,product_held,1236,2266,41.200,75.533,34.367,right,R4_Product_2of4,,false
ANN_000330,25_2,validation,product_interaction,pickup,1472,1492,49.067,49.733,0.700,right,L6_Product_2of3,,
ANN_000331,25_2,validation,product_interaction,product_held,1493,2082,49.767,69.400,19.667,right,L6_Product_2of3,,true
ANN_000332,25_2,validation,product_interaction,return,2066,2082,68.867,69.400,0.567,right,L6_Product_2of3,,true
ANN_000333,25_2,validation,product_interaction,pickup,2128,2204,70.933,73.467,2.567,right,L6_Product_2of3,,true
ANN_000334,25_2,validation,product_interaction,return,2168,2204,72.267,73.467,1.233,right,L6_Product_2of3,,true
ANN_000335,25_2,validation,product_interaction,pickup,2568,2577,85.600,85.900,0.333,left,L2_Product_2of2,,
ANN_000336,25_2,validation,product_interaction,product_held,2568,4372,85.600,145.733,60.167,left,L2_Product_2of2,,false
ANN_000337,25_2,validation,product_interaction,pickup,3410,3423,113.667,114.100,0.467,right,L5_Product_4of4,,
ANN_000338,25_2,validation,product_interaction,product_held,3424,3578,114.133,119.267,5.167,right,L5_Product_4of4,,true
ANN_000339,25_2,validation,product_interaction,return,3566,3578,118.867,119.267,0.433,right,L5_Product_4of4,,true
ANN_000340,25_2,validation,product_interaction,pickup,3690,3715,123.000,123.833,0.867,right,L5_Product_1of4,,
ANN_000341,25_2,validation,product_interaction,product_held,3716,3851,123.867,128.367,4.533,right,L5_Product_1of4,,true
ANN_000342,25_2,validation,product_interaction,return,3831,3851,127.700,128.367,0.700,right,L5_Product_1of4,,true
ANN_000343,25_3,validation,product_interaction,pickup,257,275,8.567,9.167,0.633,right,R3_Product_1of4,,
ANN_000344,25_3,validation,product_interaction,product_held,257,1970,8.567,65.667,57.133,right,R3_Product_1of4,,false
ANN_000345,25_3,validation,product_interaction,pickup,398,413,13.267,13.767,0.533,right,L2_Product_2of2,,
ANN_000346,25_3,validation,product_interaction,product_held,414,1970,13.800,65.667,51.900,right,L2_Product_2of2,,false
ANN_000347,25_3,validation,product_interaction,pickup,709,802,23.633,26.733,3.133,right,L1_Product_1of1,,
ANN_000348,25_3,validation,product_interaction,product_held,803,1970,26.767,65.667,38.933,right,L1_Product_1of1,,true
ANN_000349,25_3,validation,product_interaction,pickup,1422,1441,47.400,48.033,0.667,right,R4_Product_2of4,,
ANN_000350,25_3,validation,product_interaction,product_held,1442,1970,48.067,65.667,17.633,right,R4_Product_2of4,,false
ANN_000351,25_3,validation,product_interaction,pickup,1560,1585,52.000,52.833,0.867,right,R4_Product_4of4,,
ANN_000352,25_3,validation,product_interaction,product_held,1586,1970,52.867,65.667,12.833,right,R4_Product_4of4,,false
ANN_000353,25_3,validation,product_interaction,pickup,1730,1799,57.667,59.967,2.333,right,R3_Product_1of4,,
ANN_000354,25_3,validation,product_interaction,product_held,1800,1970,60.000,65.667,5.700,right,R3_Product_1of4,,false
ANN_000355,25_3,validation,product_interaction,pickup,2423,2480,80.767,82.667,1.933,right,R6_Product_2of3,,
ANN_000356,25_3,validation,product_interaction,product_held,2481,2725,82.700,90.833,8.167,right,R6_Product_2of3,,true
ANN_000357,25_3,validation,product_interaction,return,2697,2725,89.900,90.833,0.967,right,R6_Product_2of3,,true
ANN_000358,25_3,validation,product_interaction,pickup,2967,2977,98.900,99.233,0.367,right,L4_Product_3of4,,
ANN_000359,25_3,validation,product_interaction,product_held,2978,4009,99.267,133.633,34.400,right,L4_Product_3of4,,false
ANN_000360,25_3,validation,product_interaction,pickup,3208,3269,106.933,108.967,2.067,right,R2_Product_1of3,,
ANN_000361,25_3,validation,product_interaction,product_held,3270,4009,109.000,133.633,24.667,right,R2_Product_1of3,,false
ANN_000362,25_3,validation,product_interaction,pickup,3376,3493,112.533,116.433,3.933,right,R1_Product_3of4,,
ANN_000363,25_3,validation,product_interaction,product_held,3494,4009,116.467,133.633,17.200,right,R1_Product_3of4,,false
ANN_000364,25_3,validation,product_interaction,pickup,3797,3827,126.567,127.567,1.033,right,L4_Product_1of4,,
ANN_000365,25_3,validation,product_interaction,product_held,3828,4009,127.600,133.633,6.067,right,L4_Product_1of4,,false
ANN_000366,26_1,validation,product_interaction,pickup,286,386,9.533,12.867,3.367,right,R1_Product_2of4,,
ANN_000367,26_1,validation,product_interaction,product_held,387,1903,12.900,63.433,50.567,right,R1_Product_2of4,,false
ANN_000368,26_1,validation,product_interaction,pickup,952,973,31.733,32.433,0.733,right,R5_Product_1of4,,
ANN_000369,26_1,validation,product_interaction,product_held,974,1236,32.467,41.200,8.767,right,R5_Product_1of4,,true
ANN_000370,26_1,validation,product_interaction,return,1215,1236,40.500,41.200,0.733,right,R5_Product_1of4,,true
ANN_000371,26_1,validation,product_interaction,pickup,1689,1714,56.300,57.133,0.867,right,L4_Product_4of4,,
ANN_000372,26_1,validation,product_interaction,product_held,1715,1820,57.167,60.667,3.533,right,L4_Product_4of4,,true
ANN_000373,26_1,validation,product_interaction,return,1805,1820,60.167,60.667,0.533,right,L4_Product_4of4,,true
ANN_000374,26_1,validation,product_interaction,pickup,2326,2336,77.533,77.867,0.367,right,L7_Product_3of4,,
ANN_000375,26_1,validation,product_interaction,product_held,2337,2487,77.900,82.900,5.033,right,L7_Product_3of4,,true
ANN_000376,26_1,validation,product_interaction,return,2481,2487,82.700,82.900,0.233,right,L7_Product_3of4,,true
ANN_000377,26_1,validation,product_interaction,pickup,2517,2529,83.900,84.300,0.433,right,L7_Product_4of4,,
ANN_000378,26_1,validation,product_interaction,product_held,2530,2677,84.333,89.233,4.933,right,L7_Product_4of4,,true
ANN_000379,26_1,validation,product_interaction,return,2666,2677,88.867,89.233,0.400,right,L7_Product_4of4,,true
ANN_000380,26_1,validation,product_interaction,pickup,2809,2824,93.633,94.133,0.533,right,R4_Product_4of4,,
ANN_000381,26_1,validation,product_interaction,product_held,2825,4107,94.167,136.900,42.767,right,R4_Product_4of4,,true
ANN_000382,26_1,validation,product_interaction,return,4102,4107,136.733,136.900,0.200,right,R4_Product_4of4,,true
ANN_000383,26_1,validation,product_interaction,pickup,3003,3014,100.100,100.467,0.400,right,R5_Product_3of4,,
ANN_000384,26_1,validation,product_interaction,product_held,3015,3308,100.500,110.267,9.800,right,R5_Product_3of4,,
ANN_000385,26_1,validation,product_interaction,return,3298,3308,109.933,110.267,0.367,right,R5_Product_3of4,,true
ANN_000386,26_1,validation,product_interaction,pickup,3440,3472,114.667,115.733,1.100,right,R3_Product_1of4,,
ANN_000387,26_1,validation,product_interaction,product_held,3473,3969,115.767,132.300,16.567,right,R3_Product_1of4,,true
ANN_000388,26_1,validation,product_interaction,return,3950,3969,131.667,132.300,0.667,right,R3_Product_1of4,,true
ANN_000389,26_2,validation,product_interaction,pickup,297,405,9.900,13.500,3.633,right,R1_Product_3of4,,
ANN_000390,26_2,validation,product_interaction,product_held,406,982,13.533,32.733,19.233,right,R1_Product_3of4,,true
ANN_000391,26_2,validation,product_interaction,return,906,982,30.200,32.733,2.567,right,R1_Product_3of4,,true
ANN_000392,26_2,validation,product_interaction,pickup,1204,1213,40.133,40.433,0.333,right,R5_Product_1of4,,
ANN_000393,26_2,validation,product_interaction,product_held,1214,2833,40.467,94.433,54.000,right,R5_Product_1of4,,false
ANN_000394,26_2,validation,product_interaction,pickup,1525,1557,50.833,51.900,1.100,right,L6_Product_3of3,,
ANN_000395,26_2,validation,product_interaction,product_held,1558,1622,51.933,54.067,2.167,right,L6_Product_3of3,,true
ANN_000396,26_2,validation,product_interaction,return,1585,1622,52.833,54.067,1.267,right,L6_Product_3of3,,true
ANN_000397,26_2,validation,product_interaction,pickup,1736,1757,57.867,58.567,0.733,right,L2_Product_1of2,,
ANN_000398,26_2,validation,product_interaction,product_held,1758,2061,58.600,68.700,10.133,right,L2_Product_1of2,,true
ANN_000399,26_2,validation,product_interaction,return,2019,2061,67.300,68.700,1.433,right,L2_Product_1of2,,true
ANN_000400,26_2,validation,product_interaction,pickup,2239,2257,74.633,75.233,0.633,right,L4_Product_4of4,,
ANN_000401,26_2,validation,product_interaction,product_held,2258,2833,75.267,94.433,19.200,right,L4_Product_4of4,,false
ANN_000402,26_2,validation,product_interaction,pickup,3322,3334,110.733,111.133,0.433,right,L7_Product_1of4,,
ANN_000403,26_2,validation,product_interaction,product_held,3322,3764,110.733,125.467,14.767,right,L7_Product_1of4,,true
ANN_000404,26_2,validation,product_interaction,return,3747,3764,124.900,125.467,0.600,right,L7_Product_1of4,,true
ANN_000405,26_2,validation,product_interaction,pickup,3518,3547,117.267,118.233,1.000,right,L7_Product_2of4,,
ANN_000406,26_2,validation,product_interaction,product_held,3548,3592,118.267,119.733,1.500,right,L7_Product_2of4,,true
ANN_000407,26_2,validation,product_interaction,return,3577,3592,119.233,119.733,0.533,right,L7_Product_2of4,,true
ANN_000408,26_2,validation,product_interaction,comparison,3548,3574,118.267,119.133,0.900,both,L7_Product_2of4,L7_Product_1of4,true
ANN_000409,26_2,validation,product_interaction,pickup,3607,3625,120.233,120.833,0.633,right,L7_Product_2of4,,
ANN_000410,26_2,validation,product_interaction,product_held,3626,3692,120.867,123.067,2.233,right,L7_Product_2of4,,true
ANN_000411,26_2,validation,product_interaction,return,3680,3692,122.667,123.067,0.433,right,L7_Product_2of4,,true
ANN_000412,26_2,validation,product_interaction,pickup,3747,3763,124.900,125.433,0.567,right,L7_Product_2of4,,
ANN_000413,26_2,validation,product_interaction,product_held,3764,4674,125.467,155.800,30.367,right,L7_Product_2of4,,false
ANN_000414,26_2,validation,product_interaction,pickup,3946,3980,131.533,132.667,1.167,right,R4_Product_2of4,,
ANN_000415,26_2,validation,product_interaction,product_held,3981,4674,132.700,155.800,23.133,right,R4_Product_2of4,,false
ANN_000416,26_2,validation,product_interaction,pickup,4346,4365,144.867,145.500,0.667,right,R5_Product_2of4,,
ANN_000417,26_2,validation,product_interaction,product_held,4366,4528,145.533,150.933,5.433,right,R5_Product_2of4,,true
ANN_000418,26_2,validation,product_interaction,return,4518,4528,150.600,150.933,0.367,right,R5_Product_2of4,,true
ANN_000419,26_3,validation,product_interaction,pickup,286,299,9.533,9.967,0.467,right,R5_Product_1of4,,
ANN_000420,26_3,validation,product_interaction,product_held,300,2069,10.000,68.967,59.000,right,R5_Product_1of4,,false
ANN_000421,26_3,validation,product_interaction,pickup,556,588,18.533,19.600,1.100,right,R3_Product_4of4,,
ANN_000422,26_3,validation,product_interaction,product_held,589,2069,19.633,68.967,49.367,right,R3_Product_4of4,,false
ANN_000423,26_3,validation,product_interaction,pickup,969,988,32.300,32.933,0.667,right,L7_Product_3of4,,
ANN_000424,26_3,validation,product_interaction,product_held,989,1100,32.967,36.667,3.733,right,L7_Product_3of4,,true
ANN_000425,26_3,validation,product_interaction,return,1087,1100,36.233,36.667,0.467,right,L7_Product_3of4,,true
ANN_000426,26_3,validation,product_interaction,pickup,1115,1131,37.167,37.700,0.567,right,L7_Product_2of4,,
ANN_000427,26_3,validation,product_interaction,product_held,1115,2069,37.167,68.967,31.833,right,L7_Product_2of4,,false
ANN_000428,26_3,validation,product_interaction,pickup,1211,1229,40.367,40.967,0.633,right,L7_Product_4of4,,
ANN_000429,26_3,validation,product_interaction,product_held,1230,1285,41.000,42.833,1.867,right,L7_Product_4of4,,true
ANN_000430,26_3,validation,product_interaction,return,1268,1285,42.267,42.833,0.600,right,L7_Product_4of4,,true
ANN_000431,26_3,validation,product_interaction,pickup,1927,1939,64.233,64.633,0.433,right,L5_Product_4of4,,
ANN_000432,26_3,validation,product_interaction,product_held,1940,2006,64.667,66.867,2.233,right,L5_Product_4of4,,true
ANN_000433,26_3,validation,product_interaction,return,1999,2006,66.633,66.867,0.267,right,L5_Product_4of4,,true
ANN_000434,26_3,validation,product_interaction,pickup,2462,2488,82.067,82.933,0.900,right,L4_Product_4of4,,
ANN_000435,26_3,validation,product_interaction,product_held,2489,3987,82.967,132.900,49.967,right,L4_Product_4of4,,false
ANN_000436,26_3,validation,product_interaction,pickup,2715,2741,90.500,91.367,0.900,right,R4_Product_2of4,,
ANN_000437,26_3,validation,product_interaction,product_held,2742,3987,91.400,132.900,41.533,right,R4_Product_2of4,,false
ANN_000438,26_3,validation,product_interaction,pickup,2873,2932,95.767,97.733,2.000,right,R3_Product_3of4,,
ANN_000439,26_3,validation,product_interaction,product_held,2933,3987,97.767,132.900,35.167,right,R3_Product_3of4,,false
ANN_000440,26_3,validation,product_interaction,pickup,3237,3253,107.900,108.433,0.567,right,R5_Product_3of4,,
ANN_000441,26_3,validation,product_interaction,product_held,3254,3357,108.467,111.900,3.467,right,R5_Product_3of4,,true
ANN_000442,26_3,validation,product_interaction,return,3285,3357,109.500,111.900,2.433,right,R5_Product_3of4,,true
ANN_000443,26_3,validation,product_interaction,pickup,3332,3368,111.067,112.267,1.233,right,R5_Product_3of4,,
ANN_000444,26_3,validation,product_interaction,product_held,3369,3987,112.300,132.900,20.633,right,R5_Product_3of4,,false
ANN_000445,26_3,validation,product_interaction,pickup,3517,3538,117.233,117.933,0.733,right,R4_Product_3of4,,
ANN_000446,26_3,validation,product_interaction,product_held,3539,3677,117.967,122.567,4.633,right,R4_Product_3of4,,true
ANN_000447,26_3,validation,product_interaction,return,3656,3677,121.867,122.567,0.733,right,R4_Product_3of4,,true
ANN_000448,26_3,validation,product_interaction,pickup,3704,3732,123.467,124.400,0.967,right,R4_Product_4of4,,
ANN_000449,26_3,validation,product_interaction,product_held,3733,3987,124.433,132.900,8.500,right,R4_Product_4of4,,false
ANN_000450,27_1,test,product_interaction,pickup,267,301,8.900,10.033,1.167,right,R2_Product_1of3,,
ANN_000451,27_1,test,product_interaction,product_held,267,479,8.900,15.967,7.100,right,R2_Product_1of3,,true
ANN_000452,27_1,test,product_interaction,return,458,479,15.267,15.967,0.733,right,R2_Product_1of3,,true
ANN_000453,27_1,test,product_interaction,pickup,666,679,22.200,22.633,0.467,right,L1_Product_1of1,,
ANN_000454,27_1,test,product_interaction,product_held,680,967,22.667,32.233,9.600,right,L1_Product_1of1,,true
ANN_000455,27_1,test,product_interaction,return,950,967,31.667,32.233,0.600,right,L1_Product_1of1,,true
ANN_000456,27_1,test,product_interaction,pickup,1322,1340,44.067,44.667,0.633,right,R3_Product_4of4,,
ANN_000457,27_1,test,product_interaction,product_held,1341,1831,44.700,61.033,16.367,right,R3_Product_4of4,,false
ANN_000458,27_1,test,product_interaction,pickup,2228,2247,74.267,74.900,0.667,right,L6_Product_1of3,,true
ANN_000459,27_1,test,product_interaction,product_held,2228,2310,74.267,77.000,2.767,right,L6_Product_1of3,,true
ANN_000460,27_1,test,product_interaction,return,2283,2310,76.100,77.000,0.933,right,L6_Product_1of3,,true
ANN_000461,27_1,test,product_interaction,pickup,2410,2432,80.333,81.067,0.767,right,L7_Product_2of4,,
ANN_000462,27_1,test,product_interaction,product_held,2433,2608,81.100,86.933,5.867,right,L7_Product_2of4,,true
ANN_000463,27_1,test,product_interaction,return,2595,2608,86.500,86.933,0.467,right,L7_Product_2of4,,true
ANN_000464,27_1,test,product_interaction,pickup,2841,2893,94.700,96.433,1.767,left,R6_Product_2of3,,
ANN_000465,27_1,test,product_interaction,product_held,2894,3169,96.467,105.633,9.200,left,R6_Product_2of3,,true
ANN_000466,27_1,test,product_interaction,return,3146,3169,104.867,105.633,0.800,both,R6_Product_2of3,,true
ANN_000467,27_1,test,product_interaction,pickup,3190,3217,106.333,107.233,0.933,both,R6_Product_2of3,,
ANN_000468,27_1,test,product_interaction,product_held,3218,3575,107.267,119.167,11.933,both,R6_Product_2of3,,true
ANN_000469,27_1,test,product_interaction,return,3561,3575,118.700,119.167,0.500,both,R6_Product_2of3,,true
ANN_000470,27_2,test,product_interaction,pickup,684,719,22.800,23.967,1.200,left,L5_Product_2of4,,
ANN_000471,27_2,test,product_interaction,product_held,720,1032,24.000,34.400,10.433,left,L5_Product_2of4,,true
ANN_000472,27_2,test,product_interaction,return,996,1032,33.200,34.400,1.233,left,L5_Product_2of4,,true
ANN_000473,27_2,test,product_interaction,pickup,1246,1268,41.533,42.267,0.767,left,R2_Product_1of3,,
ANN_000474,27_2,test,product_interaction,product_held,1269,1551,42.300,51.700,9.433,left,R2_Product_1of3,,true
ANN_000475,27_2,test,product_interaction,return,1538,1551,51.267,51.700,0.467,left,R2_Product_1of3,,true
ANN_000476,27_2,test,product_interaction,pickup,1701,1722,56.700,57.400,0.733,right,L3_Product_1of4,,
ANN_000477,27_2,test,product_interaction,product_held,1701,1922,56.700,64.067,7.400,right,L3_Product_1of4,,true
ANN_000478,27_2,test,product_interaction,return,1900,1922,63.333,64.067,0.767,right,L3_Product_1of4,,true
ANN_000479,27_2,test,product_interaction,pickup,2362,2386,78.733,79.533,0.833,right,L7_Product_4of4,,
ANN_000480,27_2,test,product_interaction,product_held,2387,2628,79.567,87.600,8.067,right,L7_Product_4of4,,true
ANN_000481,27_2,test,product_interaction,return,2615,2628,87.167,87.600,0.467,right,L7_Product_4of4,,true
ANN_000482,27_2,test,product_interaction,pickup,2676,2716,89.200,90.533,1.367,right,L6_Product_3of3,,
ANN_000483,27_2,test,product_interaction,product_held,2717,2863,90.567,95.433,4.900,right,L6_Product_3of3,,true
ANN_000484,27_2,test,product_interaction,return,2841,2863,94.700,95.433,0.767,right,L6_Product_3of3,,true
ANN_000485,27_2,test,product_interaction,pickup,3051,3061,101.700,102.033,0.367,right,R5_Product_4of4,,
ANN_000486,27_2,test,product_interaction,product_held,3062,3155,102.067,105.167,3.133,right,R5_Product_4of4,,true
ANN_000487,27_2,test,product_interaction,return,3145,3155,104.833,105.167,0.367,right,R5_Product_4of4,,true
ANN_000488,27_2,test,product_interaction,pickup,3267,3280,108.900,109.333,0.467,right,R4_Product_4of4,,
ANN_000489,27_2,test,product_interaction,product_held,3281,3374,109.367,112.467,3.133,right,R4_Product_4of4,,true
ANN_000490,27_2,test,product_interaction,return,3358,3374,111.933,112.467,0.567,right,R4_Product_4of4,,true
ANN_000491,27_2,test,product_interaction,pickup,3490,3541,116.333,118.033,1.733,right,R1_Product_4of4,,
ANN_000492,27_2,test,product_interaction,product_held,3542,3902,118.067,130.067,12.033,right,R1_Product_4of4,,true
ANN_000493,27_2,test,product_interaction,return,3813,3902,127.100,130.067,3.000,both,R1_Product_4of4,,true
ANN_000494,27_3,test,product_interaction,pickup,448,477,14.933,15.900,1.000,left,R3_Product_4of4,,
ANN_000495,27_3,test,product_interaction,product_held,478,1835,15.933,61.167,45.267,left,R3_Product_4of4,,false
ANN_000496,27_3,test,product_interaction,pickup,702,723,23.400,24.100,0.733,left,R3_Product_1of4,,
ANN_000497,27_3,test,product_interaction,return,873,890,29.100,29.667,0.600,left,R3_Product_1of4,,true
ANN_000498,27_3,test,product_interaction,product_held,724,890,24.133,29.667,5.567,left,R3_Product_1of4,,true
ANN_000499,27_3,test,product_interaction,pickup,933,997,31.100,33.233,2.167,left,R1_Product_2of4,,
ANN_000500,27_3,test,product_interaction,product_held,998,1835,33.267,61.167,27.933,left,R1_Product_2of4,,false
ANN_000501,27_3,test,product_interaction,pickup,1377,1411,45.900,47.033,1.167,left,R3_Product_4of4,,
ANN_000502,27_3,test,product_interaction,product_held,1412,1835,47.067,61.167,14.133,left,R3_Product_4of4,,false
ANN_000503,27_3,test,product_interaction,pickup,1667,1720,55.567,57.333,1.800,left,L4_Product_2of4,,
ANN_000504,27_3,test,product_interaction,product_held,1721,1835,57.367,61.167,3.833,left,L4_Product_2of4,,false
ANN_000505,27_3,test,product_interaction,pickup,2377,2392,79.233,79.733,0.533,left,R5_Product_2of4,,
ANN_000506,27_3,test,product_interaction,product_held,2393,3975,79.767,132.500,52.767,left,R5_Product_2of4,,false
ANN_000507,27_3,test,product_interaction,pickup,2667,2725,88.900,90.833,1.967,left,R2_Product_3of3,,
ANN_000508,27_3,test,product_interaction,product_held,2726,2829,90.867,94.300,3.467,left,R2_Product_3of3,,true
ANN_000509,27_3,test,product_interaction,return,2814,2829,93.800,94.300,0.533,left,R2_Product_3of3,,true
ANN_000510,27_3,test,product_interaction,pickup,3021,3046,100.700,101.533,0.867,left,R5_Product_1of4,,
ANN_000511,27_3,test,product_interaction,product_held,3047,3975,101.567,132.500,30.967,left,R5_Product_1of4,,false
ANN_000512,27_3,test,product_interaction,pickup,3249,3275,108.300,109.167,0.900,left,R4_Product_4of4,,
ANN_000513,27_3,test,product_interaction,product_held,3276,3975,109.200,132.500,23.333,left,R4_Product_4of4,,false
ANN_000514,27_3,test,product_interaction,pickup,3486,3501,116.200,116.700,0.533,left,L6_Product_1of3,,
ANN_000515,27_3,test,product_interaction,product_held,3502,3585,116.733,119.500,2.800,left,L6_Product_1of3,,true
ANN_000516,27_3,test,product_interaction,return,3569,3585,118.967,119.500,0.567,left,L6_Product_1of3,,true
ANN_000517,27_3,test,product_interaction,pickup,3722,3756,124.067,125.200,1.167,left,L2_Product_1of2,,
ANN_000518,27_3,test,product_interaction,product_held,3757,3892,125.233,129.733,4.533,left,L2_Product_1of2,,true
ANN_000519,27_3,test,product_interaction,return,3876,3892,129.200,129.733,0.567,left,L2_Product_1of2,,true
ANN_000520,28_1,test,product_interaction,pickup,1099,1113,36.633,37.100,0.500,right,R1_Product_4of4,,
ANN_000521,28_1,test,product_interaction,product_held,1114,2017,37.133,67.233,30.133,both,R1_Product_4of4,,false
ANN_000522,28_1,test,product_interaction,pickup,1677,1713,55.900,57.100,1.233,right,L6_Product_2of3,,
ANN_000523,28_1,test,product_interaction,product_held,1714,1897,57.133,63.233,6.133,right,L6_Product_2of3,,true
ANN_000524,28_1,test,product_interaction,return,1877,1897,62.567,63.233,0.700,right,L6_Product_2of3,,true
ANN_000525,28_1,test,product_interaction,pickup,2242,2325,74.733,77.500,2.800,right,L5_Product_1of4,,
ANN_000526,28_1,test,product_interaction,pickup,2713,2736,90.433,91.200,0.800,right,L4_Product_4of4,,
ANN_000527,28_1,test,product_interaction,product_held,2737,2757,91.233,91.900,0.700,right,L4_Product_4of4,,true
ANN_000528,28_1,test,product_interaction,return,2747,2757,91.567,91.900,0.367,right,L4_Product_4of4,,true
ANN_000529,28_1,test,product_interaction,product_held,2326,3894,77.533,129.800,52.300,right,L4_Product_4of4,,false
ANN_000530,28_1,test,product_interaction,pickup,2776,2791,92.533,93.033,0.533,right,L4_Product_3of4,,
ANN_000531,28_1,test,product_interaction,product_held,2792,2853,93.067,95.100,2.067,right,L4_Product_3of4,,true
ANN_000532,28_1,test,product_interaction,return,2837,2853,94.567,95.100,0.567,right,L4_Product_3of4,,true
ANN_000533,28_1,test,product_interaction,pickup,2897,2927,96.567,97.567,1.033,right,L4_Product_4of4,,
ANN_000534,28_1,test,product_interaction,product_held,2928,3894,97.600,129.800,32.233,right,L4_Product_4of4,,false
ANN_000535,28_1,test,product_interaction,pickup,3218,3243,107.267,108.100,0.867,right,R4_Product_2of4,,
ANN_000536,28_1,test,product_interaction,product_held,3244,3343,108.133,111.433,3.333,right,R4_Product_2of4,,true
ANN_000537,28_1,test,product_interaction,return,3325,3343,110.833,111.433,0.633,right,R4_Product_2of4,,true
ANN_000538,28_1,test,product_interaction,pickup,3508,3529,116.933,117.633,0.733,right,R2_Product_2of3,,
ANN_000539,28_1,test,product_interaction,product_held,3530,3633,117.667,121.100,3.467,right,R2_Product_2of3,,true
ANN_000540,28_1,test,product_interaction,return,3622,3633,120.733,121.100,0.400,right,R2_Product_2of3,,true
ANN_000541,28_2,test,product_interaction,pickup,360,388,12.000,12.933,0.967,right,L2_Product_2of2,,
ANN_000542,28_2,test,product_interaction,product_held,389,1699,12.967,56.633,43.700,right,L2_Product_2of2,,false
ANN_000543,28_2,test,product_interaction,pickup,1223,1261,40.767,42.033,1.300,right,L6_Product_2of3,,
ANN_000544,28_2,test,product_interaction,product_held,1262,1412,42.067,47.067,5.033,right,L6_Product_2of3,,true
ANN_000545,28_2,test,product_interaction,return,1393,1412,46.433,47.067,0.667,right,L6_Product_2of3,,true
ANN_000546,28_2,test,product_interaction,pickup,1473,1503,49.100,50.100,1.033,right,L6_Product_1of3,,
ANN_000547,28_2,test,product_interaction,product_held,1504,1584,50.133,52.800,2.700,right,L6_Product_1of3,,true
ANN_000548,28_2,test,product_interaction,return,1566,1584,52.200,52.800,0.633,right,L6_Product_1of3,,true
ANN_000549,28_2,test,product_interaction,pickup,1996,2056,66.533,68.533,2.033,left,R1_Product_1of4,,
ANN_000550,28_2,test,product_interaction,product_held,2057,2846,68.567,94.867,26.333,left,R1_Product_1of4,,false
ANN_000551,28_2,test,product_interaction,pickup,3537,3587,117.900,119.567,1.700,right,R1_Product_4of4,,
ANN_000552,28_2,test,product_interaction,product_held,3588,4286,119.600,142.867,23.300,right,R1_Product_4of4,,false
ANN_000553,28_2,test,product_interaction,pickup,3882,3932,129.400,131.067,1.700,right,R3_Product_3of4,,
ANN_000554,28_2,test,product_interaction,product_held,3933,4173,131.100,139.100,8.033,right,R3_Product_3of4,,true
ANN_000555,28_2,test,product_interaction,return,4165,4173,138.833,139.100,0.300,right,R3_Product_3of4,,true
ANN_000556,28_3,test,product_interaction,pickup,210,225,7.000,7.500,0.533,right,R5_Product_2of4,,
ANN_000557,28_3,test,product_interaction,product_held,226,510,7.533,17.000,9.500,right,R5_Product_2of4,,true
ANN_000558,28_3,test,product_interaction,return,489,510,16.300,17.000,0.733,right,R5_Product_2of4,,true
ANN_000559,28_3,test,product_interaction,pickup,862,877,28.733,29.233,0.533,right,L4_Product_4of4,,
ANN_000560,28_3,test,product_interaction,product_held,878,1860,29.267,62.000,32.767,right,L4_Product_4of4,,false
ANN_000561,28_3,test,product_interaction,pickup,1523,1557,50.767,51.900,1.167,right,L3_Product_1of4,,
ANN_000562,28_3,test,product_interaction,product_held,1558,1860,51.933,62.000,10.100,right,L3_Product_1of4,,false
ANN_000563,28_3,test,product_interaction,pickup,1765,1782,58.833,59.400,0.600,right,L2_Product_2of2,,
ANN_000564,28_3,test,product_interaction,product_held,1783,1860,59.433,62.000,2.600,right,L2_Product_2of2,,false
ANN_000565,28_3,test,product_interaction,pickup,2175,2188,72.500,72.933,0.467,right,L3_Product_4of4,,
ANN_000566,28_3,test,product_interaction,product_held,2189,3885,72.967,129.500,56.567,right,L3_Product_4of4,,false
ANN_000567,28_3,test,product_interaction,pickup,2459,2486,81.967,82.867,0.933,right,R4_Product_2of4,,
ANN_000568,28_3,test,product_interaction,product_held,2487,3885,82.900,129.500,46.633,right,R4_Product_2of4,,false
ANN_000569,28_3,test,product_interaction,pickup,2698,2723,89.933,90.767,0.867,right,R1_Product_4of4,,
ANN_000570,28_3,test,product_interaction,product_held,2724,3885,90.800,129.500,38.733,right,R1_Product_4of4,,false
ANN_000571,28_3,test,product_interaction,pickup,3053,3096,101.767,103.200,1.467,right,R1_Product_2of4,,
ANN_000572,28_3,test,product_interaction,product_held,3097,3885,103.233,129.500,26.300,right,R1_Product_2of4,,false
ANN_000573,28_3,test,product_interaction,pickup,3352,3365,111.733,112.167,0.467,right,R5_Product_3of4,,
ANN_000574,28_3,test,product_interaction,product_held,3366,3575,112.200,119.167,7.000,right,R5_Product_3of4,,true
ANN_000575,28_3,test,product_interaction,return,3553,3575,118.433,119.167,0.767,right,R5_Product_3of4,,true
ANN_000576,28_3,test,product_interaction,pickup,3711,3723,123.700,124.100,0.433,right,L7_Product_2of4,,
ANN_000577,28_3,test,product_interaction,product_held,3724,3885,124.133,129.500,5.400,right,L7_Product_2of4,,false
ANN_000578,29_1,test,product_interaction,pickup,852,889,28.400,29.633,1.267,right,R3_Product_2of4,,
ANN_000579,29_1,test,product_interaction,product_held,890,1972,29.667,65.733,36.100,right,R3_Product_2of4,,false
ANN_000580,29_1,test,product_interaction,pickup,2548,2663,84.933,88.767,3.867,right,R2_Product_1of3,,
ANN_000581,29_1,test,product_interaction,product_held,2664,2940,88.800,98.000,9.233,right,R2_Product_1of3,,true
ANN_000582,29_1,test,product_interaction,return,2925,2940,97.500,98.000,0.533,right,R2_Product_1of3,,true
ANN_000583,29_1,test,product_interaction,pickup,4065,4137,135.500,137.900,2.433,right,R4_Product_1of4,,
ANN_000584,29_1,test,product_interaction,product_held,4138,4386,137.933,146.200,8.300,right,R4_Product_1of4,,false
ANN_000585,29_2,test,product_interaction,pickup,290,317,9.667,10.567,0.933,left,L1_Product_1of1,,
ANN_000586,29_2,test,product_interaction,product_held,318,727,10.600,24.233,13.667,left,L1_Product_1of1,,true
ANN_000587,29_2,test,product_interaction,return,682,727,22.733,24.233,1.533,left,L1_Product_1of1,,true
ANN_000588,29_2,test,product_interaction,pickup,1490,1500,49.667,50.000,0.367,right,L3_Product_4of4,,
ANN_000589,29_2,test,product_interaction,product_held,1501,1991,50.033,66.367,16.367,right,L3_Product_4of4,,true
ANN_000590,29_2,test,product_interaction,return,1977,1991,65.900,66.367,0.500,right,L3_Product_4of4,,true
ANN_000591,29_2,test,product_interaction,pickup,1515,1536,50.500,51.200,0.733,left,L3_Product_3of4,,
ANN_000592,29_2,test,product_interaction,product_held,1537,1995,51.233,66.500,15.300,left,L3_Product_3of4,,true
ANN_000593,29_2,test,product_interaction,return,1982,1995,66.067,66.500,0.467,left,L3_Product_3of4,,true
ANN_000594,29_2,test,product_interaction,comparison,1552,1830,51.733,61.000,9.300,both,L3_Product_3of4,L3_Product_4of4,
ANN_000596,29_2,test,product_interaction,pickup,2363,2381,78.767,79.367,0.633,right,L5_Product_2of4,,
ANN_000597,29_2,test,product_interaction,comparison,2392,2640,79.733,88.000,8.300,both,L5_Product_1of4,L5_Product_2of4,
ANN_000598,29_2,test,product_interaction,pickup,2317,2331,77.233,77.700,0.500,left,L5_Product_1of4,,
ANN_000599,29_2,test,product_interaction,product_held,2382,2672,79.400,89.067,9.700,right,L5_Product_2of4,,true
ANN_000600,29_2,test,product_interaction,return,2666,2672,88.867,89.067,0.233,right,L5_Product_2of4,,true
ANN_000601,29_2,test,product_interaction,product_held,2332,3110,77.733,103.667,25.967,right,L5_Product_1of4,,true
ANN_000602,29_2,test,product_interaction,return,3098,3110,103.267,103.667,0.433,left,L5_Product_1of4,,true
ANN_000603,29_2,test,product_interaction,pickup,2694,2712,89.800,90.400,0.633,right,L5_Product_3of4,,
ANN_000604,29_2,test,product_interaction,comparison,2722,2866,90.733,95.533,4.833,both,L5_Product_1of4,L5_Product_3of4,
ANN_000605,29_2,test,product_interaction,product_held,2713,2896,90.433,96.533,6.133,right,L5_Product_3of4,,true
ANN_000606,29_2,test,product_interaction,return,2883,2896,96.100,96.533,0.467,right,L5_Product_3of4,,true
ANN_000607,29_2,test,product_interaction,pickup,2955,2994,98.500,99.800,1.333,right,L5_Product_3of4,,
ANN_000608,29_2,test,product_interaction,comparison,3007,3043,100.233,101.433,1.233,both,L5_Product_1of4,L5_Product_3of4,
ANN_000609,29_2,test,product_interaction,product_held,2995,3101,99.833,103.367,3.567,right,L5_Product_3of4,,true
ANN_000610,29_2,test,product_interaction,return,3076,3101,102.533,103.367,0.867,right,L5_Product_3of4,,true
ANN_000611,29_2,test,product_interaction,pickup,3117,3134,103.900,104.467,0.600,right,L5_Product_4of4,,
ANN_000612,29_2,test,product_interaction,product_held,3135,3258,104.500,108.600,4.133,right,L5_Product_4of4,,true
ANN_000613,29_2,test,product_interaction,return,3248,3258,108.267,108.600,0.367,right,L5_Product_4of4,,true
ANN_000614,29_2,test,product_interaction,pickup,3278,3304,109.267,110.133,0.900,right,L5_Product_4of4,,
ANN_000615,29_2,test,product_interaction,product_held,3305,3374,110.167,112.467,2.333,right,L5_Product_4of4,,true
ANN_000616,29_2,test,product_interaction,return,3363,3374,112.100,112.467,0.400,right,L5_Product_4of4,,true
ANN_000617,29_2,test,product_interaction,pickup,4020,4082,134.000,136.067,2.100,left,R2_Product_2of3,,
ANN_000618,29_2,test,product_interaction,product_held,4083,4355,136.100,145.167,9.100,left,R2_Product_2of3,,true
ANN_000619,29_2,test,product_interaction,return,4340,4355,144.667,145.167,0.533,right,R2_Product_2of3,,true
ANN_000620,29_3,test,product_interaction,pickup,780,788,26.000,26.267,0.300,right,R5_Product_3of4,,
ANN_000621,29_3,test,product_interaction,product_held,789,884,26.300,29.467,3.200,right,R5_Product_3of4,,true
ANN_000622,29_3,test,product_interaction,return,876,884,29.200,29.467,0.300,right,R5_Product_3of4,,true
ANN_000623,29_3,test,product_interaction,pickup,997,1010,33.233,33.667,0.467,right,R5_Product_4of4,,
ANN_000624,29_3,test,product_interaction,product_held,1011,1105,33.700,36.833,3.167,right,R5_Product_4of4,,true
ANN_000625,29_3,test,product_interaction,return,1096,1105,36.533,36.833,0.333,right,R5_Product_4of4,,true
ANN_000626,29_3,test,product_interaction,pickup,1354,1484,45.133,49.467,4.367,left,R5_Product_3of4,,true
ANN_000627,29_3,test,product_interaction,return,1475,1484,49.167,49.467,0.333,left,R5_Product_3of4,,true
ANN_000628,29_3,test,product_interaction,pickup,3637,3650,121.233,121.667,0.467,right,L3_Product_2of4,,
ANN_000629,29_3,test,product_interaction,product_held,3651,3940,121.700,131.333,9.667,right,L3_Product_2of4,,true
ANN_000630,29_3,test,product_interaction,return,3920,3940,130.667,131.333,0.700,right,L3_Product_2of4,,true
ANN_000631,29_3,test,product_interaction,pickup,3999,4022,133.300,134.067,0.800,right,L4_Product_4of4,,
ANN_000632,29_3,test,product_interaction,product_held,4023,5681,134.100,189.367,55.300,right,L4_Product_4of4,,false
ANN_000633,29_3,test,product_interaction,pickup,4371,4386,145.700,146.200,0.533,right,L7_Product_2of4,,
ANN_000634,29_3,test,product_interaction,product_held,4387,5681,146.233,189.367,43.167,right,L7_Product_2of4,,false
ANN_000635,29_3,test,product_interaction,pickup,5197,5215,173.233,173.833,0.633,right,R2_Product_1of3,,
ANN_000636,29_3,test,product_interaction,product_held,5216,5534,173.867,184.467,10.633,right,R2_Product_1of3,,true
ANN_000637,29_3,test,product_interaction,return,5222,5534,174.067,184.467,10.433,right,R2_Product_1of3,,true
ANN_000638,30_1,test,product_interaction,pickup,192,395,6.400,13.167,6.800,right,R1_Product_4of4,,
ANN_000639,30_1,test,product_interaction,pickup,660,668,22.000,22.267,0.300,right,L4_Product_3of4,,
ANN_000640,30_1,test,product_interaction,product_held,669,755,22.300,25.167,2.900,right,L4_Product_3of4,,true
ANN_000641,30_1,test,product_interaction,return,746,755,24.867,25.167,0.333,right,L4_Product_3of4,,true
ANN_000642,30_1,test,product_interaction,pickup,787,796,26.233,26.533,0.333,right,L4_Product_3of4,,
ANN_000643,30_1,test,product_interaction,pickup,980,1016,32.667,33.867,1.233,right,L5_Product_1of4,,
ANN_000644,30_1,test,product_interaction,pickup,1184,1197,39.467,39.900,0.467,right,L5_Product_2of4,,
ANN_000646,30_1,test,product_interaction,product_held,1198,1285,39.933,42.833,2.933,right,L5_Product_2of4,,true
ANN_000647,30_1,test,product_interaction,return,1278,1285,42.600,42.833,0.267,right,L5_Product_2of4,,true
ANN_000648,30_1,test,product_interaction,pickup,1310,1338,43.667,44.600,0.967,right,L5_Product_3of4,,
ANN_000649,30_1,test,product_interaction,product_held,1339,1519,44.633,50.633,6.033,right,L5_Product_3of4,,true
ANN_000650,30_1,test,product_interaction,return,1503,1519,50.100,50.633,0.567,right,L5_Product_3of4,,true
ANN_000651,30_1,test,product_interaction,pickup,1568,1606,52.267,53.533,1.300,right,L5_Product_4of4,,
ANN_000652,30_1,test,product_interaction,product_held,1607,1941,53.567,64.700,11.167,right,L5_Product_4of4,,true
ANN_000653,30_1,test,product_interaction,return,1930,1941,64.333,64.700,0.400,right,L5_Product_4of4,,true
ANN_000654,30_1,test,product_interaction,product_held,396,4283,13.200,142.767,129.600,right,R1_Product_4of4,,false
ANN_000655,30_1,test,product_interaction,product_held,797,4283,26.567,142.767,116.233,right,L4_Product_3of4,,false
ANN_000657,30_1,test,product_interaction,pickup,2459,2530,81.967,84.333,2.400,right,L2_Product_2of2,,true
ANN_000658,30_1,test,product_interaction,return,2519,2530,83.967,84.333,0.400,right,L2_Product_2of2,,true
ANN_000659,30_1,test,product_interaction,pickup,2609,2629,86.967,87.633,0.700,right,L3_Product_4of4,,
ANN_000660,30_1,test,product_interaction,product_held,2630,2678,87.667,89.267,1.633,right,L3_Product_4of4,,true
ANN_000661,30_1,test,product_interaction,return,2672,2678,89.067,89.267,0.233,right,L3_Product_4of4,,true
ANN_000662,30_1,test,product_interaction,pickup,2742,2762,91.400,92.067,0.700,right,L3_Product_2of4,,
ANN_000663,30_1,test,product_interaction,product_held,2763,3065,92.100,102.167,10.100,right,L3_Product_2of4,,true
ANN_000664,30_1,test,product_interaction,return,3045,3065,101.500,102.167,0.700,right,L3_Product_2of4,,true
ANN_000665,30_1,test,product_interaction,pickup,3079,3096,102.633,103.200,0.600,right,L3_Product_2of4,,
ANN_000666,30_1,test,product_interaction,product_held,3097,3218,103.233,107.267,4.067,right,L3_Product_2of4,,true
ANN_000667,30_1,test,product_interaction,return,3205,3218,106.833,107.267,0.467,right,L3_Product_2of4,,true
ANN_000668,30_1,test,product_interaction,pickup,3408,3449,113.600,114.967,1.400,right,L6_Product_2of3,,
ANN_000669,30_1,test,product_interaction,return,3529,3536,117.633,117.867,0.267,both,L6_Product_2of3,,true
ANN_000670,30_1,test,product_interaction,product_held,3450,3536,115.000,117.867,2.900,right,L6_Product_2of3,,true
ANN_000671,30_1,test,product_interaction,product_held,1017,3568,33.900,118.933,85.067,right,L5_Product_1of4,,true
ANN_000672,30_1,test,product_interaction,return,3561,3568,118.700,118.933,0.267,right,L5_Product_1of4,,true
ANN_000673,30_1,test,product_interaction,pickup,3593,3616,119.767,120.533,0.800,right,L6_Product_2of3,,
ANN_000674,30_1,test,product_interaction,product_held,3593,4283,119.767,142.767,23.033,right,L6_Product_2of3,,false
ANN_000675,30_1,test,product_interaction,pickup,3923,4115,130.767,137.167,6.433,right,R1_Product_1of4,,true
ANN_000676,30_1,test,product_interaction,return,4103,4115,136.767,137.167,0.433,right,R1_Product_1of4,,true
ANN_000677,30_2,test,product_interaction,pickup,270,301,9.000,10.033,1.067,right,R4_Product_2of4,,
ANN_000678,30_2,test,product_interaction,pickup,714,755,23.800,25.167,1.400,right,R4_Product_1of4,,
ANN_000679,30_2,test,product_interaction,comparison,763,1443,25.433,48.100,22.700,both,R4_Product_1of4,R4_Product_2of4,true
ANN_000680,30_2,test,product_interaction,product_held,756,1483,25.200,49.433,24.267,right,R4_Product_1of4,,true
ANN_000681,30_2,test,product_interaction,return,1475,1483,49.167,49.433,0.300,right,R4_Product_1of4,,true
ANN_000682,30_2,test,product_interaction,pickup,1615,1644,53.833,54.800,1.000,right,R1_Product_2of4,,
ANN_000683,30_2,test,product_interaction,product_held,1645,1995,54.833,66.500,11.700,right,R1_Product_2of4,,false
ANN_000684,30_2,test,product_interaction,pickup,2475,2560,82.500,85.333,2.867,right,R2_Product_2of3,,true
ANN_000685,30_2,test,product_interaction,return,2545,2560,84.833,85.333,0.533,right,R2_Product_2of3,,true
ANN_000686,30_2,test,product_interaction,pickup,2695,2755,89.833,91.833,2.033,right,R1_Product_4of4,,
ANN_000687,30_2,test,product_interaction,product_held,2756,3018,91.867,100.600,8.767,right,R1_Product_4of4,,true
ANN_000688,30_2,test,product_interaction,return,2988,3018,99.600,100.600,1.033,right,R1_Product_4of4,,true
ANN_000689,30_2,test,product_interaction,pickup,3042,3082,101.400,102.733,1.367,right,R1_Product_4of4,,
ANN_000690,30_2,test,product_interaction,product_held,3083,4032,102.767,134.400,31.667,right,R1_Product_4of4,,false
ANN_000691,30_2,test,product_interaction,pickup,3783,3813,126.100,127.100,1.033,right,L4_Product_1of4,,
ANN_000692,30_2,test,product_interaction,product_held,3814,3850,127.133,128.333,1.233,right,L4_Product_1of4,,true
ANN_000693,30_2,test,product_interaction,return,3841,3850,128.033,128.333,0.333,right,L4_Product_1of4,,true
ANN_000694,30_3,test,product_interaction,pickup,222,258,7.400,8.600,1.233,right,L1_Product_1of1,,
ANN_000695,30_3,test,product_interaction,product_held,259,1264,8.633,42.133,33.533,right,L1_Product_1of1,,true
ANN_000696,30_3,test,product_interaction,return,1252,1264,41.733,42.133,0.433,right,L1_Product_1of1,,true
ANN_000697,30_3,test,product_interaction,pickup,502,538,16.733,17.933,1.233,right,L2_Product_1of2,,
ANN_000698,30_3,test,product_interaction,product_held,539,606,17.967,20.200,2.267,right,L2_Product_1of2,,true
ANN_000699,30_3,test,product_interaction,return,588,606,19.600,20.200,0.633,right,L2_Product_1of2,,true
ANN_000700,30_3,test,product_interaction,pickup,838,858,27.933,28.600,0.700,right,L2_Product_1of2,,
ANN_000701,30_3,test,product_interaction,product_held,859,2206,28.633,73.533,44.933,right,L2_Product_1of2,,false
ANN_000702,30_3,test,product_interaction,pickup,1379,1398,45.967,46.600,0.667,right,L7_Product_2of4,,
ANN_000703,30_3,test,product_interaction,product_held,1399,2206,46.633,73.533,26.933,right,L7_Product_2of4,,false
ANN_000704,30_3,test,product_interaction,pickup,1485,1510,49.500,50.333,0.867,right,L7_Product_3of4,,
ANN_000705,30_3,test,product_interaction,product_held,1511,2105,50.367,70.167,19.833,right,L7_Product_3of4,,true
ANN_000706,30_3,test,product_interaction,return,2095,2105,69.833,70.167,0.367,right,L7_Product_3of4,,true
ANN_000707,30_3,test,product_interaction,comparison,1529,1899,50.967,63.300,12.367,both,L7_Product_2of4,L7_Product_3of4,true
ANN_000708,30_3,test,product_interaction,pickup,2609,2649,86.967,88.300,1.367,right,R1_Product_2of4,,
ANN_000709,30_3,test,product_interaction,pickup,2779,2812,92.633,93.733,1.133,right,R3_Product_3of4,,
ANN_000710,30_3,test,product_interaction,comparison,2839,3459,94.633,115.300,20.700,both,R1_Product_3of4,R3_Product_3of4,true
ANN_000711,30_3,test,product_interaction,product_held,2813,3497,93.767,116.567,22.833,right,R3_Product_3of4,,true
ANN_000712,30_3,test,product_interaction,return,3487,3497,116.233,116.567,0.367,right,R3_Product_3of4,,true
ANN_000713,30_3,test,product_interaction,product_held,2650,4337,88.333,144.567,56.267,both,R1_Product_2of4,,false
ANN_000714,30_3,test,product_interaction,product_held,3681,4337,122.700,144.567,21.900,right,R3_Product_3of4,,false
ANN_000715,30_3,test,product_interaction,pickup,3737,3767,124.567,125.567,1.033,right,R3_Product_4of4,,
ANN_000716,30_3,test,product_interaction,product_held,3768,4155,125.600,138.500,12.933,right,R3_Product_4of4,,true
ANN_000717,30_3,test,product_interaction,return,4150,4155,138.333,138.500,0.200,right,R3_Product_4of4,,true
ANN_000718,30_3,test,product_interaction,comparison,3777,4016,125.900,133.867,8.000,both,R3_Product_3of4,R3_Product_4of4,true
ANN_000719,30_3,test,product_interaction,pickup,3651,3679,121.700,122.633,0.967,right,R3_Product_3of4,,
ANN_000721,31_1,test,product_interaction,pickup,228,298,7.600,9.933,2.367,right,L1_Product_1of1,,
ANN_000722,31_1,test,product_interaction,product_held,299,376,9.967,12.533,2.600,right,L1_Product_1of1,,true
ANN_000723,31_1,test,product_interaction,return,355,376,11.833,12.533,0.733,right,L1_Product_1of1,,true
ANN_000724,31_1,test,product_interaction,pickup,488,536,16.267,17.867,1.633,left,L2_Product_2of2,,true
ANN_000725,31_1,test,product_interaction,return,528,536,17.600,17.867,0.300,left,L2_Product_2of2,,true
ANN_000726,31_1,test,product_interaction,pickup,760,832,25.333,27.733,2.433,left,L6_Product_2of3,,
ANN_000727,31_1,test,product_interaction,product_held,833,991,27.767,33.033,5.300,left,L6_Product_2of3,,true
ANN_000728,31_1,test,product_interaction,return,981,991,32.700,33.033,0.367,left,L6_Product_2of3,,true
ANN_000729,31_1,test,product_interaction,pickup,1259,1279,41.967,42.633,0.700,right,R3_Product_1of4,,
ANN_000730,31_1,test,product_interaction,product_held,1280,2019,42.667,67.300,24.667,both,R3_Product_1of4,,false
ANN_000731,31_1,test,product_interaction,pickup,1640,1698,54.667,56.600,1.967,right,R6_Product_1of4,,
ANN_000732,31_1,test,product_interaction,product_held,1699,1855,56.633,61.833,5.233,right,R6_Product_1of4,,true
ANN_000733,31_1,test,product_interaction,return,1845,1855,61.500,61.833,0.367,right,R6_Product_1of4,,true
ANN_000734,31_1,test,product_interaction,pickup,2384,2439,79.467,81.300,1.867,left,R1_Product_1of4,,
ANN_000735,31_1,test,product_interaction,product_held,2440,2732,81.333,91.067,9.767,left,R1_Product_1of4,,true
ANN_000736,31_1,test,product_interaction,return,2718,2732,90.600,91.067,0.500,left,R1_Product_1of4,,true
ANN_000737,31_1,test,product_interaction,pickup,2821,2858,94.033,95.267,1.267,left,R1_Product_2of4,,
ANN_000738,31_1,test,product_interaction,product_held,2859,4016,95.300,133.867,38.600,left,R1_Product_2of4,,false
ANN_000739,31_1,test,product_interaction,pickup,3187,3206,106.233,106.867,0.667,right,L5_Product_4of4,,
ANN_000740,31_1,test,product_interaction,product_held,3207,3429,106.900,114.300,7.433,right,L5_Product_4of4,,true
ANN_000741,31_1,test,product_interaction,return,3420,3429,114.000,114.300,0.333,right,L5_Product_4of4,,true
ANN_000742,31_1,test,product_interaction,pickup,3545,3565,118.167,118.833,0.700,right,L4_Product_4of4,,
ANN_000743,31_1,test,product_interaction,product_held,3566,4016,118.867,133.867,15.033,right,L4_Product_4of4,,false
ANN_000744,31_1,test,product_interaction,pickup,3816,3839,127.200,127.967,0.800,right,L3_Product_1of4,,
ANN_000745,31_1,test,product_interaction,product_held,3840,3910,128.000,130.333,2.367,right,L3_Product_1of4,,true
ANN_000746,31_1,test,product_interaction,return,3900,3910,130.000,130.333,0.367,right,L3_Product_1of4,,true
ANN_000747,31_2,test,product_interaction,pickup,260,287,8.667,9.567,0.933,right,L1_Product_1of1,,true
ANN_000748,31_2,test,product_interaction,return,285,287,9.500,9.567,0.100,right,L1_Product_1of1,,true
ANN_000749,31_2,test,product_interaction,pickup,333,363,11.100,12.100,1.033,right,L2_Product_1of2,,
ANN_000750,31_2,test,product_interaction,product_held,364,524,12.133,17.467,5.367,right,L2_Product_1of2,,true
ANN_000751,31_2,test,product_interaction,return,512,524,17.067,17.467,0.433,right,L2_Product_1of2,,true
ANN_000752,31_2,test,product_interaction,pickup,948,966,31.600,32.200,0.633,right,R4_Product_2of4,,
ANN_000753,31_2,test,product_interaction,product_held,967,1058,32.233,35.267,3.067,right,R4_Product_2of4,,true
ANN_000754,31_2,test,product_interaction,return,1048,1058,34.933,35.267,0.367,right,R4_Product_2of4,,true
ANN_000755,31_2,test,product_interaction,pickup,1491,1505,49.700,50.167,0.500,right,L7_Product_3of4,,
ANN_000756,31_2,test,product_interaction,product_held,1506,1618,50.200,53.933,3.767,right,L7_Product_3of4,,true
ANN_000757,31_2,test,product_interaction,return,1606,1618,53.533,53.933,0.433,right,L7_Product_3of4,,true
ANN_000758,31_2,test,product_interaction,pickup,1638,1649,54.600,54.967,0.400,right,L7_Product_4of4,,
ANN_000759,31_2,test,product_interaction,product_held,1650,1774,55.000,59.133,4.167,right,L7_Product_4of4,,true
ANN_000760,31_2,test,product_interaction,return,1758,1774,58.600,59.133,0.567,right,L7_Product_4of4,,true
ANN_000761,31_2,test,product_interaction,pickup,1853,1865,61.767,62.167,0.433,right,L7_Product_2of4,,
ANN_000762,31_2,test,product_interaction,product_held,1866,2135,62.200,71.167,9.000,right,L7_Product_2of4,,false
ANN_000763,31_2,test,product_interaction,pickup,2076,2086,69.200,69.533,0.367,right,R3_Product_2of4,,
ANN_000764,31_2,test,product_interaction,product_held,2087,2135,69.567,71.167,1.633,right,R3_Product_2of4,,false
ANN_000765,31_2,test,product_interaction,pickup,2396,2416,79.867,80.533,0.700,right,R1_Product_4of4,,true
ANN_000766,31_2,test,product_interaction,return,2406,2416,80.200,80.533,0.367,right,R1_Product_4of4,,true
ANN_000767,31_2,test,product_interaction,pickup,2981,2994,99.367,99.800,0.467,right,R5_Product_1of4,,
ANN_000768,31_2,test,product_interaction,product_held,2995,3069,99.833,102.300,2.500,right,R5_Product_1of4,,true
ANN_000769,31_2,test,product_interaction,return,3044,3069,101.467,102.300,0.867,right,R5_Product_1of4,,true
ANN_000770,31_2,test,product_interaction,pickup,3550,3577,118.333,119.233,0.933,right,L6_Product_1of3,,
ANN_000771,31_2,test,product_interaction,product_held,3578,3629,119.267,120.967,1.733,right,L6_Product_1of3,,true
ANN_000772,31_2,test,product_interaction,return,3613,3629,120.433,120.967,0.567,right,L6_Product_1of3,,true
ANN_000773,31_2,test,product_interaction,pickup,3775,3805,125.833,126.833,1.033,right,L7_Product_1of4,,
ANN_000774,31_2,test,product_interaction,product_held,3806,3841,126.867,128.033,1.200,right,L7_Product_1of4,,true
ANN_000775,31_2,test,product_interaction,return,3831,3841,127.700,128.033,0.367,right,L7_Product_1of4,,true
ANN_000776,31_3,test,product_interaction,pickup,299,337,9.967,11.233,1.300,right,R6_Product_2of3,,
ANN_000777,31_3,test,product_interaction,product_held,338,1900,11.267,63.333,52.100,right,R6_Product_2of3,,false
ANN_000778,31_3,test,product_interaction,pickup,732,745,24.400,24.833,0.467,right,R4_Product_2of4,,
ANN_000779,31_3,test,product_interaction,product_held,746,1900,24.867,63.333,38.500,right,R4_Product_2of4,,false
ANN_000780,31_3,test,product_interaction,pickup,1106,1134,36.867,37.800,0.967,right,R2_Product_2of3,,
ANN_000781,31_3,test,product_interaction,product_held,1135,1161,37.833,38.700,0.900,right,R2_Product_2of3,,true
ANN_000782,31_3,test,product_interaction,return,1151,1161,38.367,38.700,0.367,right,R2_Product_2of3,,true
ANN_000783,31_3,test,product_interaction,pickup,1171,1192,39.033,39.733,0.733,right,R2_Product_1of3,,
ANN_000784,31_3,test,product_interaction,product_held,1193,1900,39.767,63.333,23.600,right,R2_Product_1of3,,false
ANN_000785,31_3,test,product_interaction,pickup,1491,1539,49.700,51.300,1.633,right,L2_Product_1of2,,
ANN_000786,31_3,test,product_interaction,product_held,1540,1900,51.333,63.333,12.033,right,L2_Product_1of2,,false
ANN_000787,31_3,test,product_interaction,pickup,2208,2242,73.600,74.733,1.167,left,L1_Product_1of1,,
ANN_000788,31_3,test,product_interaction,product_held,2243,3718,74.767,123.933,49.200,left,L1_Product_1of1,,false
ANN_000789,31_3,test,product_interaction,pickup,2493,2536,83.100,84.533,1.467,left,L2_Product_2of2,,
ANN_000790,31_3,test,product_interaction,product_held,2537,3718,84.567,123.933,39.400,left,L2_Product_2of2,,false
ANN_000791,31_3,test,product_interaction,pickup,2834,2850,94.467,95.000,0.567,left,L5_Product_4of4,,
ANN_000792,31_3,test,product_interaction,product_held,2851,2934,95.033,97.800,2.800,left,L5_Product_4of4,,true
ANN_000793,31_3,test,product_interaction,return,2924,2934,97.467,97.800,0.367,left,L5_Product_4of4,,true
ANN_000794,31_3,test,product_interaction,pickup,3124,3156,104.133,105.200,1.100,left,R1_Product_2of4,,
ANN_000795,31_3,test,product_interaction,product_held,3157,3718,105.233,123.933,18.733,left,R1_Product_2of4,,false
ANN_000796,31_3,test,product_interaction,pickup,3328,3342,110.933,111.400,0.500,left,R5_Product_4of4,,
ANN_000797,31_3,test,product_interaction,product_held,3343,3718,111.433,123.933,12.533,left,R5_Product_4of4,,false
ANN_000798,32_1,test,product_interaction,pickup,166,222,5.533,7.400,1.900,right,R4_Product_3of4,,
ANN_000799,32_1,test,product_interaction,product_held,223,1969,7.433,65.633,58.233,right,R4_Product_3of4,,false
ANN_000800,32_1,test,product_interaction,pickup,349,368,11.633,12.267,0.667,right,L7_Product_3of4,,
ANN_000801,32_1,test,product_interaction,product_held,369,1969,12.300,65.633,53.367,right,L7_Product_3of4,,false
ANN_000802,32_1,test,product_interaction,pickup,479,506,15.967,16.867,0.933,right,L6_Product_1of3,,
ANN_000803,32_1,test,product_interaction,product_held,507,534,16.900,17.800,0.933,right,L6_Product_1of3,,true
ANN_000804,32_1,test,product_interaction,return,521,534,17.367,17.800,0.467,right,L6_Product_1of3,,true
ANN_000805,32_1,test,product_interaction,pickup,672,688,22.400,22.933,0.567,right,L4_Product_4of4,,
ANN_000806,32_1,test,product_interaction,product_held,689,1969,22.967,65.633,42.700,right,L4_Product_4of4,,false
ANN_000807,32_1,test,product_interaction,pickup,1098,1119,36.600,37.300,0.733,right,R4_Product_2of4,,
ANN_000808,32_1,test,product_interaction,product_held,1120,1969,37.333,65.633,28.333,right,R4_Product_2of4,,false
ANN_000809,32_1,test,product_interaction,pickup,1334,1474,44.467,49.133,4.700,right,R3_Product_1of4,,
ANN_000810,32_1,test,product_interaction,product_held,1475,1969,49.167,65.633,16.500,right,R3_Product_1of4,,false
ANN_000811,32_1,test,product_interaction,pickup,2305,2332,76.833,77.733,0.933,left,R4_Product_3of4,,
ANN_000812,32_1,test,product_interaction,product_held,2333,4095,77.767,136.500,58.767,left,R4_Product_3of4,,false
ANN_000813,32_1,test,product_interaction,pickup,2453,2468,81.767,82.267,0.533,right,L7_Product_3of4,,
ANN_000814,32_1,test,product_interaction,product_held,2469,2849,82.300,94.967,12.700,right,L7_Product_3of4,,true
ANN_000815,32_1,test,product_interaction,return,2826,2849,94.200,94.967,0.800,right,L7_Product_3of4,,true
ANN_000816,32_1,test,product_interaction,pickup,2540,2592,84.667,86.400,1.767,right,L4_Product_4of4,,
ANN_000817,32_1,test,product_interaction,product_held,2593,4095,86.433,136.500,50.100,right,L4_Product_4of4,,false
ANN_000818,32_1,test,product_interaction,pickup,2954,2978,98.467,99.267,0.833,right,R4_Product_2of4,,
ANN_000819,32_1,test,product_interaction,product_held,2979,4095,99.300,136.500,37.233,right,R4_Product_2of4,,false
ANN_000820,32_1,test,product_interaction,pickup,3195,3223,106.500,107.433,0.967,right,R2_Product_1of3,,
ANN_000821,32_1,test,product_interaction,product_held,3224,4095,107.467,136.500,29.067,right,R2_Product_1of3,,false
ANN_000822,32_1,test,product_interaction,pickup,3670,3696,122.333,123.200,0.900,right,L4_Product_2of4,,
ANN_000823,32_1,test,product_interaction,product_held,3697,3811,123.233,127.033,3.833,right,L4_Product_2of4,,true
ANN_000824,32_1,test,product_interaction,return,3797,3811,126.567,127.033,0.500,right,L4_Product_2of4,,true
ANN_000825,32_2,test,product_interaction,pickup,201,240,6.700,8.000,1.333,right,R4_Product_2of4,,
ANN_000826,32_2,test,product_interaction,product_held,241,1921,8.033,64.033,56.033,right,R4_Product_2of4,,false
ANN_000827,32_2,test,product_interaction,pickup,294,311,9.800,10.367,0.600,right,R4_Product_3of4,,
ANN_000828,32_2,test,product_interaction,product_held,312,1921,10.400,64.033,53.667,right,R4_Product_3of4,,false
ANN_000829,32_2,test,product_interaction,pickup,422,454,14.067,15.133,1.100,right,R4_Product_4of4,,
ANN_000830,32_2,test,product_interaction,product_held,455,1921,15.167,64.033,48.900,right,R4_Product_4of4,,false
ANN_000831,32_2,test,product_interaction,pickup,896,920,29.867,30.667,0.833,right,R3_Product_2of4,,
ANN_000832,32_2,test,product_interaction,product_held,921,1921,30.700,64.033,33.367,right,R3_Product_2of4,,false
ANN_000833,32_2,test,product_interaction,pickup,995,1015,33.167,33.833,0.700,right,R4_Product_1of4,,
ANN_000834,32_2,test,product_interaction,product_held,1016,1319,33.867,43.967,10.133,right,R4_Product_1of4,,true
ANN_000835,32_2,test,product_interaction,return,1290,1319,43.000,43.967,1.000,right,R4_Product_1of4,,true
ANN_000836,32_2,test,product_interaction,pickup,1340,1374,44.667,45.800,1.167,right,R4_Product_1of4,,
ANN_000837,32_2,test,product_interaction,product_held,1375,1675,45.833,55.833,10.033,right,R4_Product_1of4,,true
ANN_000838,32_2,test,product_interaction,return,1630,1675,54.333,55.833,1.533,right,R4_Product_1of4,,true
ANN_000839,32_2,test,product_interaction,pickup,1785,1815,59.500,60.500,1.033,right,L4_Product_2of4,,
ANN_000840,32_2,test,product_interaction,product_held,1816,1875,60.533,62.500,2.000,right,L4_Product_2of4,,true
ANN_000841,32_2,test,product_interaction,return,1865,1875,62.167,62.500,0.367,right,L4_Product_2of4,,true
ANN_000843,32_2,test,product_interaction,pickup,2076,2105,69.200,70.167,1.000,right,L5_Product_1of4,,
ANN_000844,32_2,test,product_interaction,product_held,2106,2355,70.200,78.500,8.333,right,L5_Product_1of4,,true
ANN_000845,32_2,test,product_interaction,return,2345,2355,78.167,78.500,0.367,right,L5_Product_1of4,,true
ANN_000846,32_2,test,product_interaction,pickup,2685,2735,89.500,91.167,1.700,right,R4_Product_3of4,,
ANN_000847,32_2,test,product_interaction,product_held,2736,3796,91.200,126.533,35.367,right,R4_Product_3of4,,false
ANN_000848,32_2,test,product_interaction,pickup,2786,2807,92.867,93.567,0.733,right,L2_Product_2of2,,
ANN_000849,32_2,test,product_interaction,product_held,2808,2938,93.600,97.933,4.367,right,L2_Product_2of2,,true
ANN_000850,32_2,test,product_interaction,return,2928,2938,97.600,97.933,0.367,right,L2_Product_2of2,,true
ANN_000851,32_2,test,product_interaction,pickup,3258,3288,108.600,109.600,1.033,right,R4_Product_4of4,,
ANN_000852,32_2,test,product_interaction,product_held,3289,3796,109.633,126.533,16.933,right,R4_Product_4of4,,false
ANN_000853,32_2,test,product_interaction,pickup,3329,3349,110.967,111.633,0.700,right,R5_Product_4of4,,false
ANN_000854,32_2,test,product_interaction,product_held,3350,3377,111.667,112.567,0.933,right,R5_Product_4of4,,true
ANN_000855,32_2,test,product_interaction,return,3369,3377,112.300,112.567,0.300,right,R5_Product_4of4,,true
ANN_000856,32_2,test,product_interaction,pickup,3409,3423,113.633,114.100,0.500,right,R5_Product_2of4,,
ANN_000857,32_2,test,product_interaction,product_held,3424,3538,114.133,117.933,3.833,right,R5_Product_2of4,,true
ANN_000858,32_2,test,product_interaction,return,3528,3538,117.600,117.933,0.367,right,R5_Product_2of4,,true
ANN_000859,32_2,test,product_interaction,pickup,3568,3588,118.933,119.600,0.700,right,R5_Product_3of4,,
ANN_000860,32_2,test,product_interaction,product_held,3589,3673,119.633,122.433,2.833,right,R5_Product_3of4,,true
ANN_000861,32_2,test,product_interaction,return,3661,3673,122.033,122.433,0.433,right,R5_Product_3of4,,true
ANN_000862,32_3,test,product_interaction,pickup,330,381,11.000,12.700,1.733,right,R4_Product_3of4,,
ANN_000863,32_3,test,product_interaction,pickup,430,465,14.333,15.500,1.200,right,R4_Product_4of4,,
ANN_000864,32_3,test,product_interaction,pickup,924,940,30.800,31.333,0.567,right,L7_Product_2of4,,
ANN_000865,32_3,test,product_interaction,product_held,941,993,31.367,33.100,1.767,right,L7_Product_2of4,,true
ANN_000866,32_3,test,product_interaction,return,982,993,32.733,33.100,0.400,right,L7_Product_2of4,,true
ANN_000867,32_3,test,product_interaction,pickup,1028,1053,34.267,35.100,0.867,right,L6_Product_1of4,,
ANN_000868,32_3,test,product_interaction,product_held,1054,1128,35.133,37.600,2.500,right,L6_Product_1of4,,true
ANN_000869,32_3,test,product_interaction,return,1113,1128,37.100,37.600,0.533,right,L6_Product_1of4,,true
ANN_000870,32_3,test,product_interaction,pickup,1633,1683,54.433,56.100,1.700,right,R1_Product_4of4,,
ANN_000871,32_3,test,product_interaction,product_held,1684,1933,56.133,64.433,8.333,right,R1_Product_4of4,,false
ANN_000872,32_3,test,product_interaction,product_held,382,1933,12.733,64.433,51.733,right,R4_Product_3of4,,false
ANN_000873,32_3,test,product_interaction,product_held,466,1933,15.533,64.433,48.933,right,R4_Product_4of4,,false
ANN_000874,32_3,test,product_interaction,pickup,2174,2203,72.467,73.433,1.000,right,R4_Product_3of4,,
ANN_000875,32_3,test,product_interaction,product_held,2204,3755,73.467,125.167,51.733,right,R4_Product_3of4,,false
ANN_000876,32_3,test,product_interaction,pickup,2237,2262,74.567,75.400,0.867,right,R4_Product_4of4,,
ANN_000877,32_3,test,product_interaction,product_held,2263,3755,75.433,125.167,49.767,right,R4_Product_4of4,,false
ANN_000878,32_3,test,product_interaction,pickup,2313,2322,77.100,77.400,0.333,right,R4_Product_2of4,,
ANN_000879,32_3,test,product_interaction,product_held,2323,3755,77.433,125.167,47.767,right,R4_Product_2of4,,false
ANN_000880,32_3,test,product_interaction,pickup,2572,2612,85.733,87.067,1.367,right,R4_Product_1of4,,
ANN_000881,32_3,test,product_interaction,product_held,2613,3755,87.100,125.167,38.100,right,R4_Product_1of4,,false
ANN_000882,32_3,test,product_interaction,pickup,3085,3112,102.833,103.733,0.933,right,L6_Product_1of3,,
ANN_000883,32_3,test,product_interaction,product_held,3113,3755,103.767,125.167,21.433,right,L6_Product_1of3,,false
ANN_000884,32_3,test,product_interaction,pickup,3306,3346,110.200,111.533,1.367,right,R3_Product_2of4,,
ANN_000885,32_3,test,product_interaction,product_held,3347,3755,111.567,125.167,13.633,right,R3_Product_2of4,,false
ANN_000886,32_3,test,product_interaction,pickup,3519,3569,117.300,118.967,1.700,right,R2_Product_3of3,,true
ANN_000887,32_3,test,product_interaction,return,3559,3569,118.633,118.967,0.367,right,R2_Product_3of3,,true
ANN_000888,32_3,test,product_interaction,pickup,3599,3630,119.967,121.000,1.067,right,R2_Product_2of3,,
ANN_000889,32_3,test,product_interaction,product_held,3631,3755,121.033,125.167,4.167,right,R2_Product_2of3,,false
ANN_000890,33_1,test,product_interaction,pickup,250,278,8.333,9.267,0.967,right,R3_Product_4of4,,
ANN_000891,33_1,test,product_interaction,product_held,279,400,9.300,13.333,4.067,right,R3_Product_4of4,,true
ANN_000892,33_1,test,product_interaction,return,391,400,13.033,13.333,0.333,right,R3_Product_4of4,,true
ANN_000893,33_1,test,product_interaction,pickup,461,481,15.367,16.033,0.700,right,R6_Product_3of3,,
ANN_000894,33_1,test,product_interaction,product_held,482,585,16.067,19.500,3.467,right,R6_Product_3of3,,true
ANN_000895,33_1,test,product_interaction,return,574,585,19.133,19.500,0.400,right,R6_Product_3of3,,true
ANN_000896,33_1,test,product_interaction,pickup,634,684,21.133,22.800,1.700,left,R6_Product_1of3,,
ANN_000897,33_1,test,product_interaction,product_held,685,1004,22.833,33.467,10.667,left,R6_Product_1of3,,true
ANN_000898,33_1,test,product_interaction,return,995,1004,33.167,33.467,0.333,both,R6_Product_1of3,,true
ANN_000899,33_1,test,product_interaction,pickup,704,724,23.467,24.133,0.700,right,R6_Product_1of3,,
ANN_000900,33_1,test,product_interaction,product_held,725,966,24.167,32.200,8.067,right,R6_Product_1of3,,true
ANN_000901,33_1,test,product_interaction,return,961,966,32.033,32.200,0.200,right,R6_Product_1of3,,true
ANN_000902,33_1,test,product_interaction,pickup,755,801,25.167,26.700,1.567,right,R6_Product_1of3,,
ANN_000903,33_1,test,product_interaction,product_held,802,905,26.733,30.167,3.467,right,R6_Product_1of3,,true
ANN_000904,33_1,test,product_interaction,return,900,905,30.000,30.167,0.200,right,R6_Product_1of3,,true
ANN_000905,33_1,test,product_interaction,pickup,1119,1141,37.300,38.033,0.767,left,L3_Product_2of4,,
ANN_000906,33_1,test,product_interaction,product_held,1142,3771,38.067,125.700,87.667,left,L3_Product_2of4,,false
ANN_000907,33_1,test,product_interaction,pickup,1272,1289,42.400,42.967,0.600,right,L6_Product_3of3,,
ANN_000908,33_1,test,product_interaction,pickup,1717,1741,57.233,58.033,0.833,right,L2_Product_2of2,,
ANN_000909,33_1,test,product_interaction,product_held,1290,3771,43.000,125.700,82.733,right,L6_Product_3of3,,false
ANN_000910,33_1,test,product_interaction,product_held,1742,3771,58.067,125.700,67.667,right,L2_Product_2of2,,false
ANN_000911,33_1,test,product_interaction,pickup,2142,2171,71.400,72.367,1.000,right,L2_Product_1of2,,
ANN_000912,33_1,test,product_interaction,product_held,2172,2442,72.400,81.400,9.033,right,L2_Product_1of2,,true
ANN_000913,33_1,test,product_interaction,return,2422,2442,80.733,81.400,0.700,right,L2_Product_1of2,,true
ANN_000914,33_1,test,product_interaction,pickup,2752,2842,91.733,94.733,3.033,right,R1_Product_3of4,,
ANN_000915,33_1,test,product_interaction,product_held,2843,3166,94.767,105.533,10.800,right,R1_Product_3of4,,true
ANN_000916,33_1,test,product_interaction,return,3126,3166,104.200,105.533,1.367,right,R1_Product_3of4,,true
ANN_000917,33_1,test,product_interaction,pickup,3196,3213,106.533,107.100,0.600,right,L3_Product_4of4,,
ANN_000918,33_1,test,product_interaction,product_held,3214,3416,107.133,113.867,6.767,right,L3_Product_4of4,,true
ANN_000919,33_1,test,product_interaction,return,3394,3416,113.133,113.867,0.767,right,L3_Product_4of4,,true
ANN_000920,33_1,test,product_interaction,pickup,3454,3484,115.133,116.133,1.033,right,L3_Product_3of4,,
ANN_000921,33_1,test,product_interaction,product_held,3485,3554,116.167,118.467,2.333,right,L3_Product_3of4,,true
ANN_000922,33_1,test,product_interaction,return,3545,3554,118.167,118.467,0.333,right,L3_Product_3of4,,true
ANN_000923,33_1,test,product_interaction,pickup,3595,3608,119.833,120.267,0.467,right,L3_Product_4of4,,
ANN_000924,33_1,test,product_interaction,product_held,3609,3771,120.300,125.700,5.433,right,L3_Product_4of4,,false
ANN_000925,34_1,test,product_interaction,pickup,310,325,10.333,10.833,0.533,right,L1_Product_1of1,,
ANN_000926,34_1,test,product_interaction,product_held,326,580,10.867,19.333,8.500,right,L1_Product_1of1,,true
ANN_000927,34_1,test,product_interaction,return,546,580,18.200,19.333,1.167,right,L1_Product_1of1,,true
ANN_000928,34_1,test,product_interaction,pickup,1010,1060,33.667,35.333,1.700,left,L6_Product_2of3,,
ANN_000929,34_1,test,product_interaction,product_held,1061,1138,35.367,37.933,2.600,right,L6_Product_2of3,,true
ANN_000930,34_1,test,product_interaction,return,1119,1138,37.300,37.933,0.667,right,L6_Product_2of3,,true
ANN_000931,34_1,test,product_interaction,pickup,1389,1419,46.300,47.300,1.033,right,R3_Product_1of4,,
ANN_000932,34_1,test,product_interaction,product_held,1420,1529,47.333,50.967,3.667,right,R3_Product_1of4,,true
ANN_000933,34_1,test,product_interaction,return,1516,1529,50.533,50.967,0.467,right,R3_Product_1of4,,true
ANN_000934,34_1,test,product_interaction,pickup,1936,1966,64.533,65.533,1.033,right,L6_Product_2of3,,
ANN_000935,34_1,test,product_interaction,product_held,1967,2016,65.567,67.200,1.667,right,L6_Product_2of3,,false
ANN_000936,34_1,test,product_interaction,pickup,2338,2360,77.933,78.667,0.767,right,L4_Product_2of4,,
ANN_000937,34_1,test,product_interaction,product_held,2361,2567,78.700,85.567,6.900,right,L4_Product_2of4,,true
ANN_000938,34_1,test,product_interaction,return,2554,2567,85.133,85.567,0.467,right,L4_Product_2of4,,true
ANN_000939,34_1,test,product_interaction,pickup,2804,2831,93.467,94.367,0.933,right,R3_Product_4of4,,
ANN_000940,34_1,test,product_interaction,product_held,2832,3074,94.400,102.467,8.100,right,R3_Product_4of4,,true
ANN_000941,34_1,test,product_interaction,return,3062,3074,102.067,102.467,0.433,right,R3_Product_4of4,,true
ANN_000942,34_1,test,product_interaction,pickup,3261,3288,108.700,109.600,0.933,right,L5_Product_3of4,,
ANN_000943,34_1,test,product_interaction,product_held,3289,3421,109.633,114.033,4.433,right,L5_Product_3of4,,true
ANN_000944,34_1,test,product_interaction,return,3411,3421,113.700,114.033,0.367,right,L5_Product_3of4,,true
ANN_000945,34_1,test,product_interaction,pickup,3531,3551,117.700,118.367,0.700,right,L6_Product_2of3,,
ANN_000946,34_1,test,product_interaction,product_held,3552,3761,118.400,125.367,7.000,right,L6_Product_2of3,,true
ANN_000947,34_1,test,product_interaction,return,3751,3761,125.033,125.367,0.367,right,L6_Product_2of3,,true
ANN_000948,35_1,test,product_interaction,pickup,320,356,10.667,11.867,1.233,right,L1_Product_1of1,,
ANN_000949,35_1,test,product_interaction,product_held,357,2130,11.900,71.000,59.133,right,L1_Product_1of1,,false
ANN_000950,35_1,test,product_interaction,pickup,477,547,15.900,18.233,2.367,right,L2_Product_2of2,,true
ANN_000951,35_1,test,product_interaction,return,517,547,17.233,18.233,1.033,right,L2_Product_2of2,,true
ANN_000952,35_1,test,product_interaction,pickup,1134,1164,37.800,38.800,1.033,right,R4_Product_2of4,,
ANN_000953,35_1,test,product_interaction,product_held,1165,2130,38.833,71.000,32.200,right,R4_Product_2of4,,false
ANN_000954,35_1,test,product_interaction,pickup,1665,1715,55.500,57.167,1.700,right,R2_Product_1of3,,true
ANN_000955,35_1,test,product_interaction,return,1705,1715,56.833,57.167,0.367,right,R2_Product_1of3,,true
ANN_000956,35_1,test,product_interaction,pickup,2521,2536,84.033,84.533,0.533,right,R4_Product_4of4,,
ANN_000957,35_1,test,product_interaction,product_held,2537,3781,84.567,126.033,41.500,right,R4_Product_4of4,,false
ANN_000958,35_1,test,product_interaction,pickup,2785,2804,92.833,93.467,0.667,right,R5_Product_3of4,,
ANN_000959,35_1,test,product_interaction,product_held,2805,2874,93.500,95.800,2.333,right,R5_Product_3of4,,true
ANN_000960,35_1,test,product_interaction,return,2870,2874,95.667,95.800,0.167,right,R5_Product_3of4,,true
ANN_000961,35_1,test,product_interaction,pickup,3210,3232,107.000,107.733,0.767,right,L7_Product_1of4,,
ANN_000962,35_1,test,product_interaction,product_held,3233,3781,107.767,126.033,18.300,right,L7_Product_1of4,,false
ANN_000963,35_1,test,product_interaction,pickup,3384,3404,112.800,113.467,0.700,right,L2_Product_2of2,,
ANN_000964,35_1,test,product_interaction,product_held,3405,3781,113.500,126.033,12.567,right,L2_Product_2of2,,false
ANN_000965,36_1,test,product_interaction,pickup,290,312,9.667,10.400,0.767,right,L3_Product_4of4,,
ANN_000966,36_1,test,product_interaction,product_held,313,1860,10.433,62.000,51.600,right,L3_Product_4of4,,false
ANN_000967,36_1,test,product_interaction,pickup,403,431,13.433,14.367,0.967,right,R5_Product_1of4,,
ANN_000968,36_1,test,product_interaction,product_held,432,1860,14.400,62.000,47.633,right,R5_Product_1of4,,false
ANN_000969,36_1,test,product_interaction,pickup,561,591,18.700,19.700,1.033,right,R3_Product_4of4,,
ANN_000970,36_1,test,product_interaction,product_held,592,1860,19.733,62.000,42.300,right,R3_Product_4of4,,false
ANN_000971,36_1,test,product_interaction,pickup,722,776,24.067,25.867,1.833,right,R1_Product_2of4,,
ANN_000972,36_1,test,product_interaction,product_held,777,1860,25.900,62.000,36.133,right,R1_Product_2of4,,false
ANN_000973,36_1,test,product_interaction,pickup,927,1004,30.900,33.467,2.600,right,L2_Product_1of2,,
ANN_000974,36_1,test,product_interaction,product_held,1005,1860,33.500,62.000,28.533,right,L2_Product_1of2,,false
ANN_000975,36_1,test,product_interaction,pickup,1095,1133,36.500,37.767,1.300,right,L5_Product_1of4,,
ANN_000976,36_1,test,product_interaction,product_held,1134,1860,37.800,62.000,24.233,right,L5_Product_1of4,,false
ANN_000977,36_1,test,product_interaction,pickup,1284,1313,42.800,43.767,1.000,right,L7_Product_2of4,,
ANN_000978,36_1,test,product_interaction,product_held,1314,1860,43.800,62.000,18.233,right,L7_Product_2of4,,false
ANN_000979,36_1,test,product_interaction,pickup,1584,1596,52.800,53.200,0.433,right,R5_Product_3of4,,
ANN_000980,36_1,test,product_interaction,product_held,1597,1860,53.233,62.000,8.800,right,R5_Product_3of4,,false
ANN_000981,36_1,test,product_interaction,pickup,2167,2200,72.233,73.333,1.133,right,L3_Product_2of4,,
ANN_000982,36_1,test,product_interaction,product_held,2201,3690,73.367,123.000,49.667,right,L3_Product_2of4,,false
ANN_000983,36_1,test,product_interaction,pickup,2301,2324,76.700,77.467,0.800,right,R3_Product_1of4,,
ANN_000984,36_1,test,product_interaction,product_held,2325,3690,77.500,123.000,45.533,right,R3_Product_1of4,,false
ANN_000985,36_1,test,product_interaction,pickup,2375,2395,79.167,79.833,0.700,right,L4_Product_3of4,,
ANN_000986,36_1,test,product_interaction,product_held,2396,3690,79.867,123.000,43.167,right,L4_Product_3of4,,false
ANN_000987,36_1,test,product_interaction,pickup,2516,2546,83.867,84.867,1.033,right,R4_Product_4of4,,
ANN_000988,36_1,test,product_interaction,product_held,2547,3690,84.900,123.000,38.133,right,R4_Product_4of4,,false
ANN_000989,36_1,test,product_interaction,pickup,2627,2638,87.567,87.933,0.400,right,R4_Product_2of4,,
ANN_000990,36_1,test,product_interaction,product_held,2639,3690,87.967,123.000,35.067,right,R4_Product_2of4,,false
ANN_000991,36_1,test,product_interaction,pickup,2787,2836,92.900,94.533,1.667,right,R6_Product_3of3,,
ANN_000992,36_1,test,product_interaction,product_held,2837,3690,94.567,123.000,28.467,right,R6_Product_3of3,,false
ANN_000993,36_1,test,product_interaction,pickup,3027,3047,100.900,101.567,0.700,right,L7_Product_1of4,,
ANN_000994,36_1,test,product_interaction,product_held,3048,3690,101.600,123.000,21.433,right,L7_Product_1of4,,false
ANN_000995,36_1,test,product_interaction,pickup,3128,3158,104.267,105.267,1.033,right,L6_Product_1of3,,
ANN_000996,36_1,test,product_interaction,product_held,3159,3690,105.300,123.000,17.733,right,L6_Product_1of3,,false
ANN_000997,36_1,test,product_interaction,pickup,3329,3357,110.967,111.900,0.967,right,R2_Product_2of3,,
ANN_000998,36_1,test,product_interaction,product_held,3358,3690,111.933,123.000,11.100,right,R2_Product_2of3,,false
ANN_000999,37_1,test,product_interaction,pickup,240,256,8.000,8.533,0.567,right,L7_Product_3of4,,
ANN_001000,37_1,test,product_interaction,product_held,257,2290,8.567,76.333,67.800,right,L7_Product_3of4,,false
ANN_001001,37_1,test,product_interaction,pickup,507,527,16.900,17.567,0.700,right,R4_Product_3of4,,
ANN_001002,37_1,test,product_interaction,product_held,528,817,17.600,27.233,9.667,right,R4_Product_3of4,,true
ANN_001003,37_1,test,product_interaction,return,797,817,26.567,27.233,0.700,right,R4_Product_3of4,,true
ANN_001004,37_1,test,product_interaction,pickup,857,896,28.567,29.867,1.333,right,R3_Product_4of4,,
ANN_001005,37_1,test,product_interaction,product_held,897,2290,29.900,76.333,46.467,right,R3_Product_4of4,,false
ANN_001006,37_1,test,product_interaction,pickup,1227,1277,40.900,42.567,1.700,right,R2_Product_1of3,,
ANN_001007,37_1,test,product_interaction,product_held,1278,2290,42.600,76.333,33.767,right,R2_Product_1of3,,false
ANN_001008,37_1,test,product_interaction,pickup,1578,1628,52.600,54.267,1.700,right,R6_Product_3of3,,
ANN_001009,37_1,test,product_interaction,product_held,1629,1868,54.300,62.267,8.000,both,R6_Product_3of3,,true
ANN_001010,37_1,test,product_interaction,return,1828,1868,60.933,62.267,1.367,both,R6_Product_3of3,,true
ANN_001011,37_1,test,product_interaction,pickup,1888,1943,62.933,64.767,1.867,left,R6_Product_2of3,,
ANN_001012,37_1,test,product_interaction,product_held,1944,2290,64.800,76.333,11.567,left,R6_Product_2of3,,false
ANN_001013,37_1,test,product_interaction,pickup,2574,2590,85.800,86.333,0.567,right,L2_Product_2of2,,
ANN_001014,37_1,test,product_interaction,product_held,2591,3471,86.367,115.700,29.367,right,L2_Product_2of2,,true
ANN_001015,37_1,test,product_interaction,pickup,2651,2674,88.367,89.133,0.800,right,R3_Product_1of4,,
ANN_001016,37_1,test,product_interaction,product_held,2675,3924,89.167,130.800,41.667,right,R3_Product_1of4,,false
ANN_001017,37_1,test,product_interaction,pickup,2725,2764,90.833,92.133,1.333,right,R3_Product_4of4,,
ANN_001018,37_1,test,product_interaction,product_held,2765,3924,92.167,130.800,38.667,right,R3_Product_4of4,,false
ANN_001019,37_1,test,product_interaction,pickup,2805,2843,93.500,94.767,1.300,right,R1_Product_3of4,,
ANN_001020,37_1,test,product_interaction,product_held,2844,3225,94.800,107.500,12.733,right,R1_Product_3of4,,true
ANN_001021,37_1,test,product_interaction,return,3075,3225,102.500,107.500,5.033,right,R1_Product_3of4,,true
ANN_001022,37_1,test,product_interaction,pickup,3289,3316,109.633,110.533,0.933,right,R2_Product_2of3,,
ANN_001023,37_1,test,product_interaction,product_held,3317,3924,110.567,130.800,20.267,right,R2_Product_2of3,,false
ANN_001024,37_1,test,product_interaction,return,3460,3471,115.333,115.700,0.400,right,L2_Product_2of2,,true
ANN_001025,37_1,test,product_interaction,pickup,3669,3691,122.300,123.033,0.767,right,L7_Product_1of4,,
ANN_001026,37_1,test,product_interaction,product_held,3692,3924,123.067,130.800,7.767,right,L7_Product_1of4,,false
ANN_001027,38_1,test,product_interaction,pickup,240,260,8.000,8.667,0.700,right,R2_Product_1of3,,
ANN_001028,38_1,test,product_interaction,product_held,261,1820,8.700,60.667,52.000,right,R2_Product_1of3,,false
ANN_001029,38_1,test,product_interaction,pickup,381,403,12.700,13.433,0.767,right,L5_Product_4of4,,
ANN_001030,38_1,test,product_interaction,pickup,451,483,15.033,16.100,1.100,right,L7_Product_4of4,,
ANN_001031,38_1,test,product_interaction,product_held,404,1820,13.467,60.667,47.233,right,L5_Product_4of4,,false
ANN_001032,38_1,test,product_interaction,product_held,484,1820,16.133,60.667,44.567,right,L7_Product_4of4,,false
ANN_001033,38_1,test,product_interaction,pickup,604,659,20.133,21.967,1.867,left,L2_Product_2of2,,
ANN_001034,38_1,test,product_interaction,product_held,660,1820,22.000,60.667,38.700,left,L2_Product_2of2,,false
ANN_001035,38_1,test,product_interaction,pickup,890,964,29.667,32.133,2.500,left,R1_Product_3of4,,
ANN_001036,38_1,test,product_interaction,product_held,965,1820,32.167,60.667,28.533,left,R1_Product_3of4,,false
ANN_001037,38_1,test,product_interaction,pickup,1355,1415,45.167,47.167,2.033,left,L4_Product_4of4,,
ANN_001038,38_1,test,product_interaction,product_held,1416,1820,47.200,60.667,13.500,left,L4_Product_4of4,,true
ANN_001039,38_1,test,product_interaction,pickup,1596,1636,53.200,54.533,1.367,left,L2_Product_1of2,,
ANN_001040,38_1,test,product_interaction,product_held,1634,1820,54.467,60.667,6.233,left,L2_Product_1of2,,false
ANN_001041,38_1,test,product_interaction,pickup,2244,2267,74.800,75.567,0.800,left,L4_Product_2of4,,
ANN_001042,38_1,test,product_interaction,product_held,2268,3864,75.600,128.800,53.233,left,L4_Product_2of4,,false
ANN_001043,38_1,test,product_interaction,pickup,2309,2329,76.967,77.633,0.700,left,L5_Product_2of4,,
ANN_001044,38_1,test,product_interaction,product_held,2330,3864,77.667,128.800,51.167,left,L5_Product_2of4,,false
ANN_001045,38_1,test,product_interaction,pickup,2450,2542,81.667,84.733,3.100,left,R5_Product_1of4,,
ANN_001046,38_1,test,product_interaction,product_held,2543,3864,84.767,128.800,44.067,left,R5_Product_1of4,,false
ANN_001047,38_1,test,product_interaction,pickup,2860,2935,95.333,97.833,2.533,left,R6_Product_2of3,,
ANN_001048,38_1,test,product_interaction,product_held,2936,3864,97.867,128.800,30.967,left,R6_Product_2of3,,false
ANN_001049,38_1,test,product_interaction,pickup,3166,3210,105.533,107.000,1.500,left,R3_Product_3of4,,
ANN_001050,38_1,test,product_interaction,product_held,3211,3864,107.033,128.800,21.800,left,R3_Product_3of4,,false
ANN_001051,38_1,test,product_interaction,pickup,3351,3389,111.700,112.967,1.300,left,L6_Product_1of3,,
ANN_001052,38_1,test,product_interaction,product_held,3390,3864,113.000,128.800,15.833,left,L6_Product_1of3,,false
ANN_001053,38_1,test,product_interaction,pickup,3540,3586,118.000,119.533,1.567,left,L4_Product_2of4,,
ANN_001054,38_1,test,product_interaction,product_held,3587,3864,119.567,128.800,9.267,left,L4_Product_2of4,,false
ANN_001055,39_1,test,product_interaction,pickup,320,354,10.667,11.800,1.167,left,L6_Product_1of3,,
ANN_001056,39_1,test,product_interaction,product_held,355,456,11.833,15.200,3.400,left,L6_Product_1of3,,true
ANN_001057,39_1,test,product_interaction,return,436,456,14.533,15.200,0.700,left,L6_Product_1of3,,true
ANN_001058,39_1,test,product_interaction,pickup,586,640,19.533,21.333,1.833,left,L2_Product_2of2,,
ANN_001059,39_1,test,product_interaction,product_held,641,1916,21.367,63.867,42.533,left,L2_Product_2of2,,false
ANN_001060,39_1,test,product_interaction,pickup,761,797,25.367,26.567,1.233,right,L1_Product_1of1,,
ANN_001061,39_1,test,product_interaction,product_held,798,1916,26.600,63.867,37.300,right,L1_Product_1of1,,false
ANN_001062,39_1,test,product_interaction,pickup,1058,1080,35.267,36.000,0.767,right,L4_Product_3of4,,
ANN_001063,39_1,test,product_interaction,product_held,1081,1916,36.033,63.867,27.867,right,L4_Product_3of4,,false
ANN_001064,39_1,test,product_interaction,pickup,1171,1213,39.033,40.433,1.433,right,R3_Product_2of4,,
ANN_001065,39_1,test,product_interaction,product_held,1214,1916,40.467,63.867,23.433,right,R3_Product_2of4,,false
ANN_001066,39_1,test,product_interaction,pickup,1474,1519,49.133,50.633,1.533,right,R4_Product_4of4,,
ANN_001067,39_1,test,product_interaction,product_held,1520,1916,50.667,63.867,13.233,right,R4_Product_4of4,,false
ANN_001068,39_1,test,product_interaction,pickup,1740,1770,58.000,59.000,1.033,right,R6_Product_2of3,,
ANN_001069,39_1,test,product_interaction,product_held,1771,1916,59.033,63.867,4.867,right,R6_Product_2of3,,false
ANN_001070,39_1,test,product_interaction,pickup,2361,2394,78.700,79.800,1.133,right,L4_Product_4of4,,
ANN_001071,39_1,test,product_interaction,product_held,2395,3911,79.833,130.367,50.567,right,L4_Product_4of4,,false
ANN_001072,39_1,test,product_interaction,pickup,2764,2794,92.133,93.133,1.033,right,L5_Product_3of4,,
ANN_001073,39_1,test,product_interaction,product_held,2795,3911,93.167,130.367,37.233,right,L5_Product_3of4,,false
ANN_001074,39_1,test,product_interaction,pickup,2945,2972,98.167,99.067,0.933,right,L6_Product_3of3,,
ANN_001075,39_1,test,product_interaction,product_held,2973,3911,99.100,130.367,31.300,right,L6_Product_3of3,,false
ANN_001076,39_1,test,product_interaction,pickup,3083,3106,102.767,103.533,0.800,right,R4_Product_2of4,,
ANN_001077,39_1,test,product_interaction,product_held,3107,3911,103.567,130.367,26.833,right,R4_Product_2of4,,false
ANN_001078,39_1,test,product_interaction,pickup,3147,3177,104.900,105.900,1.033,right,R4_Product_3of4,,
ANN_001079,39_1,test,product_interaction,product_held,3178,3911,105.933,130.367,24.467,right,R4_Product_3of4,,false
ANN_001080,39_1,test,product_interaction,pickup,3530,3570,117.667,119.000,1.367,right,R1_Product_4of4,,
ANN_001081,39_1,test,product_interaction,product_held,3571,3911,119.033,130.367,11.367,right,R1_Product_4of4,,false
ANN_001082,39_1,test,product_interaction,pickup,3781,3801,126.033,126.700,0.700,right,R6_Product_2of3,,
ANN_001083,39_1,test,product_interaction,product_held,3802,3911,126.733,130.367,3.667,right,R6_Product_2of3,,false
ANN_001084,40_1,test,product_interaction,pickup,390,412,13.000,13.733,0.767,right,R3_Product_2of4,,
ANN_001085,40_1,test,product_interaction,product_held,413,2000,13.767,66.667,52.933,right,R3_Product_2of4,,false
ANN_001086,40_1,test,product_interaction,pickup,583,602,19.433,20.067,0.667,right,L2_Product_2of2,,
ANN_001087,40_1,test,product_interaction,product_held,603,2000,20.100,66.667,46.600,right,L2_Product_2of2,,false
ANN_001088,40_1,test,product_interaction,pickup,743,777,24.767,25.900,1.167,right,L5_Product_1of4,,
ANN_001089,40_1,test,product_interaction,pickup,923,953,30.767,31.767,1.033,right,R5_Product_4of4,,
ANN_001090,40_1,test,product_interaction,product_held,778,2000,25.933,66.667,40.767,right,L5_Product_1of4,,false
ANN_001091,40_1,test,product_interaction,product_held,954,2000,31.800,66.667,34.900,right,R5_Product_4of4,,false
ANN_001092,40_1,test,product_interaction,pickup,1174,1231,39.133,41.033,1.933,right,R4_Product_2of4,,
ANN_001093,40_1,test,product_interaction,product_held,1232,2000,41.067,66.667,25.633,right,R4_Product_2of4,,false
ANN_001094,40_1,test,product_interaction,pickup,1542,1816,51.400,60.533,9.167,right,L2_Product_1of2,,true
ANN_001095,40_1,test,product_interaction,return,1742,1816,58.067,60.533,2.500,right,L2_Product_1of2,,true
ANN_001096,40_1,test,product_interaction,pickup,2792,2872,93.067,95.733,2.700,right,R1_Product_2of4,,
ANN_001097,40_1,test,product_interaction,product_held,2873,3952,95.767,131.733,36.000,right,R1_Product_2of4,,false
ANN_001098,40_1,test,product_interaction,pickup,3173,3186,105.767,106.200,0.467,right,R3_Product_4of4,,
ANN_001099,40_1,test,product_interaction,product_held,3187,3952,106.233,131.733,25.533,right,R3_Product_4of4,,false
ANN_001100,40_1,test,product_interaction,pickup,3637,3677,121.233,122.567,1.367,right,L5_Product_4of4,,
ANN_001101,40_1,test,product_interaction,product_held,3678,3952,122.600,131.733,9.167,right,L5_Product_4of4,,false
ANN_001102,41_1,test,product_interaction,pickup,210,232,7.000,7.733,0.767,right,R3_Product_2of4,,
ANN_001103,41_1,test,product_interaction,product_held,233,370,7.767,12.333,4.600,right,R3_Product_2of4,,true
ANN_001104,41_1,test,product_interaction,return,360,370,12.000,12.333,0.367,right,R3_Product_2of4,,true
ANN_001105,41_1,test,product_interaction,pickup,390,402,13.000,13.400,0.433,right,R3_Product_3of4,,
ANN_001106,41_1,test,product_interaction,product_held,403,540,13.433,18.000,4.600,right,R3_Product_3of4,,true
ANN_001107,41_1,test,product_interaction,return,530,540,17.667,18.000,0.367,right,R3_Product_3of4,,true
ANN_001108,41_1,test,product_interaction,pickup,680,713,22.667,23.767,1.133,right,L6_Product_2of3,,
ANN_001109,41_1,test,product_interaction,product_held,714,840,23.800,28.000,4.233,right,L6_Product_2of3,,true
ANN_001110,41_1,test,product_interaction,return,830,840,27.667,28.000,0.367,right,L6_Product_2of3,,true
ANN_001111,41_1,test,product_interaction,pickup,970,980,32.333,32.667,0.367,left,L7_Product_3of4,,
ANN_001112,41_1,test,product_interaction,product_held,981,1170,32.700,39.000,6.333,left,L7_Product_3of4,,true
ANN_001113,41_1,test,product_interaction,return,1150,1170,38.333,39.000,0.700,left,L7_Product_3of4,,true
ANN_001114,41_1,test,product_interaction,pickup,1210,1223,40.333,40.767,0.467,right,R5_Product_1of4,,
ANN_001115,41_1,test,product_interaction,product_held,1224,1370,40.800,45.667,4.900,right,R5_Product_1of4,,true
ANN_001116,41_1,test,product_interaction,return,1350,1370,45.000,45.667,0.700,right,R5_Product_1of4,,true
ANN_001117,41_1,test,product_interaction,pickup,1640,1720,54.667,57.333,2.700,right,R2_Product_3of3,,true
ANN_001118,41_1,test,product_interaction,return,1700,1720,56.667,57.333,0.700,right,R2_Product_3of3,,true
ANN_001119,41_1,test,product_interaction,pickup,1740,1880,58.000,62.667,4.700,right,R1_Product_4of4,,true
ANN_001120,41_1,test,product_interaction,return,1870,1880,62.333,62.667,0.367,right,R1_Product_4of4,,true
ANN_001121,41_1,test,product_interaction,pickup,2000,2040,66.667,68.000,1.367,right,L2_Product_2of2,,
ANN_001122,41_1,test,product_interaction,product_held,2041,2500,68.033,83.333,15.333,right,L2_Product_2of2,,true
ANN_001123,41_1,test,product_interaction,return,2470,2500,82.333,83.333,1.033,right,L2_Product_2of2,,true
ANN_001124,41_1,test,product_interaction,pickup,2940,2980,98.000,99.333,1.367,right,L5_Product_1of4,,
ANN_001125,41_1,test,product_interaction,product_held,2981,3030,99.367,101.000,1.667,right,L5_Product_1of4,,true
ANN_001126,41_1,test,product_interaction,return,3000,3030,100.000,101.000,1.033,right,L5_Product_1of4,,true
ANN_001127,41_1,test,product_interaction,pickup,3380,3410,112.667,113.667,1.033,right,R4_Product_1of4,,
ANN_001128,41_1,test,product_interaction,product_held,3411,4030,113.700,134.333,20.667,left,R4_Product_1of4,,true
ANN_001129,41_1,test,product_interaction,return,4020,4030,134.000,134.333,0.367,right,R4_Product_1of4,,true
ANN_001130,41_1,test,product_interaction,pickup,3530,3572,117.667,119.067,1.433,right,R4_Product_1of4,,
ANN_001131,41_1,test,product_interaction,product_held,3573,4030,119.100,134.333,15.267,right,R4_Product_1of4,,true
ANN_001132,41_1,test,product_interaction,return,4020,4030,134.000,134.333,0.367,right,R4_Product_1of4,,true
ANN_001133,41_1,test,product_interaction,comparison,3576,3926,119.200,130.867,11.700,both,R4_Product_1of4,R4_Product_1of4,true
ANN_001134,41_2,test,product_interaction,pickup,350,380,11.667,12.667,1.033,right,R3_Product_3of4,,
ANN_001135,41_2,test,product_interaction,product_held,381,2090,12.700,69.667,57.000,right,R3_Product_3of4,,false
ANN_001136,41_2,test,product_interaction,pickup,571,591,19.033,19.700,0.700,right,R5_Product_2of4,,
ANN_001137,41_2,test,product_interaction,product_held,592,680,19.733,22.667,2.967,right,R5_Product_2of4,,true
ANN_001138,41_2,test,product_interaction,return,675,680,22.500,22.667,0.200,right,R5_Product_2of4,,true
ANN_001139,41_2,test,product_interaction,pickup,1075,1105,35.833,36.833,1.033,right,L6_Product_2of3,,
ANN_001140,41_2,test,product_interaction,product_held,1106,2090,36.867,69.667,32.833,right,L6_Product_2of3,,false
ANN_001141,41_2,test,product_interaction,pickup,1370,1394,45.667,46.467,0.833,right,R4_Product_3of4,,
ANN_001142,41_2,test,product_interaction,product_held,1395,2090,46.500,69.667,23.200,right,R4_Product_3of4,,false
ANN_001143,41_2,test,product_interaction,pickup,1595,1735,53.167,57.833,4.700,right,R1_Product_2of4,,
ANN_001144,41_2,test,product_interaction,product_held,1736,2090,57.867,69.667,11.833,right,R1_Product_2of4,,false
ANN_001145,41_2,test,product_interaction,pickup,2576,2626,85.867,87.533,1.700,left,L1_Product_1of1,,
ANN_001146,41_2,test,product_interaction,product_held,2627,3556,87.567,118.533,31.000,left,L1_Product_1of1,,false
ANN_001147,41_2,test,product_interaction,pickup,2797,2837,93.233,94.567,1.367,left,R3_Product_1of4,,
ANN_001148,41_2,test,product_interaction,product_held,2838,2947,94.600,98.233,3.667,left,R3_Product_1of4,,true
ANN_001149,41_2,test,product_interaction,return,2917,2947,97.233,98.233,1.033,left,R3_Product_1of4,,true
ANN_001150,41_2,test,product_interaction,pickup,2957,2984,98.567,99.467,0.933,left,R3_Product_1of4,,
ANN_001151,41_2,test,product_interaction,product_held,2985,3556,99.500,118.533,19.067,left,R3_Product_1of4,,false
ANN_001152,41_2,test,product_interaction,pickup,3125,3146,104.167,104.867,0.733,left,R4_Product_4of4,,
ANN_001153,41_2,test,product_interaction,product_held,3147,3556,104.900,118.533,13.667,left,R4_Product_4of4,,false
